expansion,card_code,name_ja,card_page_url,image_url,release_dates,products,illustrator_name,qa_count,qa_text,effect_text
hBP07,hBP01-024,ベスティア・ゼータ,https://hololive-official-cardgame.com/cardlist/?id=1897&%2Fcardlist%2Fcardsearch_ex=&expansion=hBP07&view=image,https://hololive-official-cardgame.com/wp-content/images/cardlist/hBP07/hBP01-024_02_C.png,2026年03月13日(金),ブースターパック「ディーヴァフィーバー」,カードナンバー：hBP01-024,0,,"カードタイプ
ホロメン
タグ
#ID
#ID3期生
レアリティ
C
収録商品
ブースターパック「ディーヴァフィーバー」
色
HP
100
Bloomレベル
Debut
バトンタッチ
アーツ
ミッションスタート　30
エクストラ
このホロメンはデッキに何枚でも入れられる
カードナンバー：
hBP01-024"
hBP07,hBP01-044,AZKi,https://hololive-official-cardgame.com/cardlist/?id=1898&%2Fcardlist%2Fcardsearch_ex=&expansion=hBP07&view=image,https://hololive-official-cardgame.com/wp-content/images/cardlist/hBP07/hBP01-044_02_C.png,2026年03月13日(金),ブースターパック「ディーヴァフィーバー」,カードナンバー：hBP01-044,0,,"カードタイプ
ホロメン
タグ
#JP
#0期生
#歌
レアリティ
C
収録商品
ブースターパック「ディーヴァフィーバー」
色
HP
100
Bloomレベル
Debut
バトンタッチ
アーツ
こんあずき～　20
エクストラ
このホロメンはデッキに何枚でも入れられる
カードナンバー：
hBP01-044"
hBP07,hBP01-092,オーロ・クロニー,https://hololive-official-cardgame.com/cardlist/?id=1902&%2Fcardlist%2Fcardsearch_ex=&expansion=hBP07&view=image,https://hololive-official-cardgame.com/wp-content/images/cardlist/hBP07/hBP01-092_02_C.png,2026年03月13日(金),ブースターパック「ディーヴァフィーバー」,カードナンバー：hBP01-092,0,,"カードタイプ
ホロメン
タグ
#EN
#Promise
レアリティ
C
収録商品
ブースターパック「ディーヴァフィーバー」
色
HP
70
Bloomレベル
Debut
バトンタッチ
アーツ
クロにちは～　10
このホロメンのエール1枚を、自分の他の#Promiseを持つホロメンに付け替えられる。
エクストラ
このホロメンはデッキに何枚でも入れられる
カードナンバー：
hBP01-092"
hBP07,hBP02-024,大神ミオ,https://hololive-official-cardgame.com/cardlist/?id=1899&%2Fcardlist%2Fcardsearch_ex=&expansion=hBP07&view=image,https://hololive-official-cardgame.com/wp-content/images/cardlist/hBP07/hBP02-024_02_C.png,2026年03月13日(金),ブースターパック「ディーヴァフィーバー」,カードナンバー：hBP02-024,0,,"カードタイプ
ホロメン
タグ
#JP
#ゲーマーズ
#ケモミミ
#料理
レアリティ
C
収録商品
ブースターパック「ディーヴァフィーバー」
色
HP
90
Bloomレベル
Debut
バトンタッチ
アーツ
うちうち、うちだよ～大神ミオだよ～　10
自分のステージのエール1枚を、自分の#JPを持つホロメンに付け替えられる。
エクストラ
このホロメンはデッキに何枚でも入れられる
カードナンバー：
hBP02-024"
hBP07,hBP03-031,赤井はあと,https://hololive-official-cardgame.com/cardlist/?id=1901&%2Fcardlist%2Fcardsearch_ex=&expansion=hBP07&view=image,https://hololive-official-cardgame.com/wp-content/images/cardlist/hBP07/hBP03-031_02_C.png,2026年03月13日(金),ブースターパック「ディーヴァフィーバー」,カードナンバー：hBP03-031,0,,"カードタイプ
ホロメン
タグ
#JP
#1期生
#料理
レアリティ
C
収録商品
ブースターパック「ディーヴァフィーバー」
色
HP
100
Bloomレベル
Debut
バトンタッチ
アーツ
おはるーじゅ！　30
エクストラ
このホロメンはデッキに何枚でも入れられる
カードナンバー：
hBP03-031"
hBP07,hBP03-067,角巻わため,https://hololive-official-cardgame.com/cardlist/?id=1905&%2Fcardlist%2Fcardsearch_ex=&expansion=hBP07&view=image,https://hololive-official-cardgame.com/wp-content/images/cardlist/hBP07/hBP03-067_02_C.png,2026年03月13日(金),ブースターパック「ディーヴァフィーバー」,カードナンバー：hBP03-067,0,,"カードタイプ
ホロメン
タグ
#JP
#4期生
#ケモミミ
#歌
レアリティ
C
収録商品
ブースターパック「ディーヴァフィーバー」
色
HP
110
Bloomレベル
Debut
バトンタッチ
アーツ
こんばんドドド～！　30
エクストラ
このホロメンはデッキに何枚でも入れられる
カードナンバー：
hBP03-067"
hBP07,hBP04-050,シオリ・ノヴェラ,https://hololive-official-cardgame.com/cardlist/?id=1903&%2Fcardlist%2Fcardsearch_ex=&expansion=hBP07&view=image,https://hololive-official-cardgame.com/wp-content/images/cardlist/hBP07/hBP04-050_03_C.png,2026年03月13日(金),ブースターパック「ディーヴァフィーバー」,カードナンバー：hBP04-050,0,,"カードタイプ
ホロメン
タグ
#EN
#Advent
レアリティ
C
収録商品
ブースターパック「ディーヴァフィーバー」
色
HP
110
Bloomレベル
Debut
バトンタッチ
アーツ
しおり～ん！　30
エクストラ
このホロメンはデッキに何枚でも入れられる
カードナンバー：
hBP04-050"
hBP07,hBP04-054,ラプラス・ダークネス,https://hololive-official-cardgame.com/cardlist/?id=1904&%2Fcardlist%2Fcardsearch_ex=&expansion=hBP07&view=image,https://hololive-official-cardgame.com/wp-content/images/cardlist/hBP07/hBP04-054_02_C.png,2026年03月13日(金),ブースターパック「ディーヴァフィーバー」,カードナンバー：hBP04-054,0,,"カードタイプ
ホロメン
タグ
#JP
#秘密結社holoX
#シューター
レアリティ
C
収録商品
ブースターパック「ディーヴァフィーバー」
色
HP
100
Bloomレベル
Debut
バトンタッチ
アーツ
貴様ら、刮目せよ！！　30
エクストラ
このホロメンはデッキに何枚でも入れられる
カードナンバー：
hBP04-054"
hBP07,hBP04-083,桃鈴ねね,https://hololive-official-cardgame.com/cardlist/?id=1906&%2Fcardlist%2Fcardsearch_ex=&expansion=hBP07&view=image,https://hololive-official-cardgame.com/wp-content/images/cardlist/hBP07/hBP04-083_02_C.png,2026年03月13日(金),ブースターパック「ディーヴァフィーバー」,カードナンバー：hBP04-083,0,,"カードタイプ
ホロメン
タグ
#JP
#5期生
#歌
#絵
レアリティ
C
収録商品
ブースターパック「ディーヴァフィーバー」
色
HP
90
Bloomレベル
Debut
バトンタッチ
アーツ
こんねね～　10
自分のステージのホロメンが5人以下の時、自分のデッキから、#5期生を持つDebutホロメン1枚を公開し、ステージに出せる。そしてデッキをシャッフルする。
エクストラ
このホロメンはデッキに何枚でも入れられる
カードナンバー：
hBP04-083"
hBP07,hBP07-001,角巻わため,https://hololive-official-cardgame.com/cardlist/?id=1787&%2Fcardlist%2Fcardsearch_ex=&expansion=hBP07&view=image,https://hololive-official-cardgame.com/wp-content/images/cardlist/hBP07/hBP07-001_OSR.png,2026年03月13日(金),ブースターパック「ディーヴァフィーバー」,イラストレーター名：桶乃かもくカードナンバー：hBP07-001,1,"Q: Q hBP07-008〈角巻わため〉のコラボエフェクト「もういっぺぇ」を使い、センターホロメンの〈角巻わため〉が2回アーツを使いました。 この場合、hBP07-001〈角巻わため〉の推しステージスキル「ドドドライブ」の能力によってホロパワーを2枚置くことはできますか？
A: A はい、できます。","カードタイプ
推しホロメン
レアリティ
OSR
収録商品
ブースターパック「ディーヴァフィーバー」
色
LIFE
5
推しステージスキル
ドドドライブ
自分の〈角巻わため〉がアーツを使った時、自分のデッキの上から1枚をホロパワーにする。
推しスキル
[ホロパワー：-6]
角ドリルしたろか？
[ターンに1回]このターンの間、自分のステージの〈角巻わため〉全員のアーツ+100。
イラストレーター名：
桶乃かもく
カードナンバー：
hBP07-001"
hBP07,hBP07-002,ベスティア・ゼータ,https://hololive-official-cardgame.com/cardlist/?id=1788&%2Fcardlist%2Fcardsearch_ex=&expansion=hBP07&view=image,https://hololive-official-cardgame.com/wp-content/images/cardlist/hBP07/hBP07-002_OSR.png,2026年03月13日(金),ブースターパック「ディーヴァフィーバー」,イラストレーター名：楠ハルイカードナンバー：hBP07-002,2,"Q: Q hBP07-002〈ベスティア・ゼータ〉のSP推しスキル「不可能なんてないんだから！」の能力で、自分のアーカイブにあるhBP07-105〈BAZO〉3枚を選びました。 この場合、〈ベスティア・ゼータ〉1人にすべて付けることはできますか？
A: A いいえ、できません。

Q: Q hBP07-002〈ベスティア・ゼータ〉のSP推しスキル「不可能なんてないんだから！」の能力で、自分のアーカイブにあるhBP07-108〈Zecretary〉をhBP04-039〈カエラ・コヴァルスキア〉に付けることはできますか？
A: A いいえ、できません。","カードタイプ
推しホロメン
レアリティ
OSR
収録商品
ブースターパック「ディーヴァフィーバー」
色
LIFE
5
推しスキル
[ホロパワー：-3]
Good Luck, holoh3ro!
[ターンに1回]自分のステージのホロメン1人を選ぶ。このターンの間、選んだホロメンのアーツ+50。そのホロメンが#ID3期生を持つBuzzホロメンなら、かわりに、そのホロメンのアーツ+80。
SP推しスキル
[ホロパワー：-2]
不可能なんてないんだから！
[ゲームに1回]自分のアーカイブの[マスコットとファン]を好きな枚数選び、自分の#ID3期生を持つホロメン１人に付ける。3枚以上付けたなら、このターンの間、そのホロメンのアーツ+100。
イラストレーター名：
楠ハルイ
カードナンバー：
hBP07-002"
hBP07,hBP07-003,大神ミオ,https://hololive-official-cardgame.com/cardlist/?id=1789&%2Fcardlist%2Fcardsearch_ex=&expansion=hBP07&view=image,https://hololive-official-cardgame.com/wp-content/images/cardlist/hBP07/hBP07-003_OSR.png,2026年03月13日(金),ブースターパック「ディーヴァフィーバー」,イラストレーター名：灯子カードナンバー：hBP07-003,2,"Q: Q 自分のデッキが残り3枚で、hBP07-003〈大神ミオ〉のSP推しスキル「みんなのママ」の能力を使いました。 この場合、1枚も手札に加えずにデッキに戻すことはできますか？
A: A いいえ、できません。

Q: Q 自分のデッキが残り1枚で、hBP07-003〈大神ミオ〉の推しスキル「神札の導き」の能力を使いました。 この場合、1枚も手札に加えずにデッキに戻すことはできますか？
A: A いいえ、できません。","カードタイプ
推しホロメン
レアリティ
OSR
収録商品
ブースターパック「ディーヴァフィーバー」
色
LIFE
5
推しスキル
[ホロパワー：-1]
神札の導き
[ターンに1回]自分のデッキの上から2枚を見る。その中から、カード1枚を手札に加える。そして残ったカードをデッキの上に戻す。
SP推しスキル
[ホロパワー：-2]
みんなのママ
[ゲームに1回]自分のデッキの上から6枚を見る。その中から、カード3枚を手札に加える。そして残ったカードを好きな順でデッキの上に戻す。その後、自分のホロメン全員のHP50回復。
イラストレーター名：
灯子
カードナンバー：
hBP07-003"
hBP07,hBP07-004,赤井はあと,https://hololive-official-cardgame.com/cardlist/?id=1790&%2Fcardlist%2Fcardsearch_ex=&expansion=hBP07&view=image,https://hololive-official-cardgame.com/wp-content/images/cardlist/hBP07/hBP07-004_OSR.png,2026年03月13日(金),ブースターパック「ディーヴァフィーバー」,イラストレーター名：茶ちえカードナンバー：hBP07-004,4,"Q: Q 自分のステージにhBP07-039〈赤井はあと〉とhBP07-040〈赤井はあと〉がいる時、hBP07-40〈赤井はあと〉のコラボエフェクト「Haachama ♥ Restaurant」の能力で、バックポジションの〈赤井はあと〉をデッキの下に戻しました。 この場合、hBP07-004〈赤井はあと〉の推しステージスキル「はあちゃまなう」とhBP07-039〈赤井はあと〉のギフト「血ゃ舞ってる奴いる！？」のどちらから処理しますか？
A: A hBP07-004〈赤井はあと〉とhBP07-039〈赤井はあと〉持つプレイヤーが好きな順番で処理します。

Q: Q hBP07-004〈赤井はあと〉の推しスキル「ワールドワイドな最強アイドル！」の能力で、自分の〈赤井はあと〉がデッキに戻る場合、好きな順番でデッキの下に戻せますか？
A: A はい、戻せます。

Q: Q hBP07-004〈赤井はあと〉の推しスキル「ワールドワイドな最強アイドル！」の能力で、自分の〈赤井はあと〉がデッキに戻る場合、その〈赤井はあと〉に付いているカードもデッキに戻りますか？
A: A いいえ、戻りません。 付いているカードはすべてアーカイブされます。

Q: Q hBP07-004〈赤井はあと〉のステージ推しスキル「はあちゃまなう」の能力は、hBP07-096〈ちゃま旅〉の能力で自分の〈赤井はあと〉がデッキに戻った場合も発揮されますか？
A: A はい、されます。","カードタイプ
推しホロメン
レアリティ
OSR
収録商品
ブースターパック「ディーヴァフィーバー」
色
LIFE
5
推しステージスキル
はあちゃまなう
[ターンに1回]自分のターンで、自分の〈赤井はあと〉が自分の能力でステージからデッキに戻った時、自分のデッキを2枚引く。
推しスキル
[ホロパワー：-2]
ワールドワイドな最強アイドル！
[ターンに1回]自分のバックポジションのDebutホロメンの〈赤井はあと〉1人をデッキの下に戻す。その後、自分のステージの〈赤井はあと〉1人を選ぶ。このターンの間、選んだホロメンのアーツ+50。
イラストレーター名：
茶ちえ
カードナンバー：
hBP07-004"
hBP07,hBP07-005,オーロ・クロニー,https://hololive-official-cardgame.com/cardlist/?id=1791&%2Fcardlist%2Fcardsearch_ex=&expansion=hBP07&view=image,https://hololive-official-cardgame.com/wp-content/images/cardlist/hBP07/hBP07-005_OSR.png,2026年03月13日(金),ブースターパック「ディーヴァフィーバー」,イラストレーター名：ニジハヤシカードナンバー：hBP07-005,2,"Q: Q hBP07-005〈オーロ・クロニー〉のSP推しスキル「時間の典獄」の、「このターンの後に、もう1回自分のターンを開始する」とはどういう意味ですか？
A: A 現在行っているターンの終了後、相手にターンが移る前に、再び自分のリセットステップタから開始することを指します。

Q: Q hBP07-005〈オーロ・クロニー〉の推しスキル「忘却の輪の上で」の能力で下からカードを引く場合、一番下にあるカードを1枚目として最初に引きますか？
A: A はい、引きます。","カードタイプ
推しホロメン
レアリティ
OSR
収録商品
ブースターパック「ディーヴァフィーバー」
色
LIFE
5
推しスキル
[ホロパワー：-2]
忘却の輪の上で
[ターンに1回]自分のデッキを下から2枚引いた後、手札1枚をアーカイブする。
SP推しスキル
[ホロパワー：-4]
時間の典獄
[ゲームに1回]自分のセンターホロメンが2ndの〈オーロ・クロニー〉なら、このターンの後に、もう1回自分のターンを開始する。
イラストレーター名：
ニジハヤシ
カードナンバー：
hBP07-005"
hBP07,hBP07-006,AZKi,https://hololive-official-cardgame.com/cardlist/?id=1792&%2Fcardlist%2Fcardsearch_ex=&expansion=hBP07&view=image,https://hololive-official-cardgame.com/wp-content/images/cardlist/hBP07/hBP07-006_OSR.png,2026年03月13日(金),ブースターパック「ディーヴァフィーバー」,イラストレーター名：竹花ノートカードナンバー：hBP07-006,0,,"カードタイプ
推しホロメン
レアリティ
OSR
収録商品
ブースターパック「ディーヴァフィーバー」
色
LIFE
5
推しステージスキル
ETERNiTY FRONTiER
自分のホロパワー1枚につき、自分のセンターホロメンの〈AZKi〉のアーツ+20。
推しスキル
[ホロパワー：-1]
行くよ、開拓者。
[ターンに1回]直前の相手のターンに自分のホロメンがダウンしていたなら、自分のデッキから、イベント1枚を公開し、手札に加える。そしてデッキをシャッフルする。
イラストレーター名：
竹花ノート
カードナンバー：
hBP07-006"
hBP07,hBP07-007,桃鈴ねね,https://hololive-official-cardgame.com/cardlist/?id=1793&%2Fcardlist%2Fcardsearch_ex=&expansion=hBP07&view=image,https://hololive-official-cardgame.com/wp-content/images/cardlist/hBP07/hBP07-007_OSR.png,2026年03月13日(金),ブースターパック「ディーヴァフィーバー」,イラストレーター名：イルディカードナンバー：hBP07-007,0,,"カードタイプ
推しホロメン
レアリティ
OSR
収録商品
ブースターパック「ディーヴァフィーバー」
色
LIFE
5
推しスキル
[ホロパワー：-2]
スーパーねぽらぼエナジー
[ターンに1回]自分のアーカイブのエールを自分の#5期生を持つ2ndホロメン全員に1枚ずつ送る。
SP推しスキル
[ホロパワー：-1]
ねねちの大・暴・走！
[ゲームに1回]自分のデッキから、Debutホロメンの〈桃鈴ねね〉1～4枚を公開し、ステージに出す。そしてデッキをシャッフルする。
イラストレーター名：
イルディ
カードナンバー：
hBP07-007"
hBP07,hBP07-008,角巻わため,https://hololive-official-cardgame.com/cardlist/?id=1794&%2Fcardlist%2Fcardsearch_ex=&expansion=hBP07&view=image,https://hololive-official-cardgame.com/wp-content/images/cardlist/hBP07/hBP07-008_C.png,2026年03月13日(金),ブースターパック「ディーヴァフィーバー」,イラストレーター名：ちょん＊カードナンバー：hBP07-008,2,"Q: Q hBP07-008〈角巻わため〉のコラボエフェクト「もういっぺぇ」の能力で、自分のセンターポジションにいる〈角巻わため〉を選びました。 センターホロメンの〈角巻わため〉がアーツを使った後、もう一回アーツを使う前にコラボホロメンのhBP07-008〈角巻わため〉はアーツを使えますか？
A: A いいえ、使えません。

Q: Q hBP07-008〈角巻わため〉のコラボエフェクト「もういっぺぇ」を使い、センターホロメンの〈角巻わため〉が2回アーツを使いました。 この場合、hBP07-001〈角巻わため〉の推しステージスキル「ドドドライブ」の能力によってホロパワーを2枚置くことはできますか？
A: A はい、できます。","カードタイプ
ホロメン
タグ
#JP
#4期生
#ケモミミ
#歌
レアリティ
C
収録商品
ブースターパック「ディーヴァフィーバー」
色
HP
120
Bloomレベル
Debut
バトンタッチ
キーワード
もういっぺぇ
自分が後攻で最初のターンなら、自分の〈角巻わため〉1人を選ぶ。このターンの間、選んだホロメンはアーツを使った後、同じアーツをもう1回使える。
アーツ
スプリングシープ　20
イラストレーター名：
ちょん＊
カードナンバー：
hBP07-008"
hBP07,hBP07-009,角巻わため,https://hololive-official-cardgame.com/cardlist/?id=1795&%2Fcardlist%2Fcardsearch_ex=&expansion=hBP07&view=image,https://hololive-official-cardgame.com/wp-content/images/cardlist/hBP07/hBP07-009_U.png,2026年03月13日(金),ブースターパック「ディーヴァフィーバー」,イラストレーター名：もとからカードナンバー：hBP07-009,0,,"カードタイプ
ホロメン
タグ
#JP
#4期生
#ケモミミ
#歌
レアリティ
U
収録商品
ブースターパック「ディーヴァフィーバー」
色
HP
130
Bloomレベル
Debut
バトンタッチ
アーツ
ガブガブ！　20+
[センターポジション限定]このアーツ+20。
イラストレーター名：
もとから
カードナンバー：
hBP07-009"
hBP07,hBP07-010,角巻わため,https://hololive-official-cardgame.com/cardlist/?id=1796&%2Fcardlist%2Fcardsearch_ex=&expansion=hBP07&view=image,https://hololive-official-cardgame.com/wp-content/images/cardlist/hBP07/hBP07-010_C.png,2026年03月13日(金),ブースターパック「ディーヴァフィーバー」,イラストレーター名：松浦健人カードナンバー：hBP07-010,0,,"カードタイプ
ホロメン
タグ
#JP
#4期生
#ケモミミ
#歌
レアリティ
C
収録商品
ブースターパック「ディーヴァフィーバー」
色
HP
170
Bloomレベル
1st
バトンタッチ
キーワード
みんなー！ 楽しむぞおおー！！！！！
自分のデッキの上から1枚をホロパワーにする。その後、自分のホロパワーを見る。その中から1枚を手札に加える。そしてホロパワーをシャッフルする。
アーツ
みんなの声聞けるかなー？？？？？？？　40
イラストレーター名：
松浦健人
カードナンバー：
hBP07-010"
hBP07,hBP07-011,角巻わため,https://hololive-official-cardgame.com/cardlist/?id=1797&%2Fcardlist%2Fcardsearch_ex=&expansion=hBP07&view=image,https://hololive-official-cardgame.com/wp-content/images/cardlist/hBP07/hBP07-011_C.png,2026年03月13日(金),ブースターパック「ディーヴァフィーバー」,イラストレーター名：ふじさわ犬一カードナンバー：hBP07-011,0,,"カードタイプ
ホロメン
タグ
#JP
#4期生
#ケモミミ
#歌
レアリティ
C
収録商品
ブースターパック「ディーヴァフィーバー」
色
HP
140
Bloomレベル
1st
バトンタッチ
キーワード
グルグルシープ
自分のデッキから、1stホロメンの〈角巻わため〉1枚を公開し、手札に加える。そしてデッキをシャッフルする。自分のブルームエフェクト「グルグルシープ」はターンに1回しか使えない。
アーツ
これボタン弾けちゃうよぉ　70
このホロメンに白エールが2枚以上付いているなら、このアーツに必要な無色-1。
イラストレーター名：
ふじさわ犬一
カードナンバー：
hBP07-011"
hBP07,hBP07-012,角巻わため,https://hololive-official-cardgame.com/cardlist/?id=1798&%2Fcardlist%2Fcardsearch_ex=&expansion=hBP07&view=image,https://hololive-official-cardgame.com/wp-content/images/cardlist/hBP07/hBP07-012_R.png,2026年03月13日(金),ブースターパック「ディーヴァフィーバー」,イラストレーター名：saihateカードナンバー：hBP07-012,0,,"カードタイプ
ホロメン
タグ
#JP
#4期生
#ケモミミ
#歌
レアリティ
R
収録商品
ブースターパック「ディーヴァフィーバー」
色
HP
190
Bloomレベル
1st
バトンタッチ
キーワード
わたビーーーーーーーム！！！！！！
相手のセンターホロメンかコラボホロメンに特殊ダメージ30を与える。その後、相手は、自身のデッキを1枚引く。
アーツ
わたキャノンもだ！　20
自分のデッキを1枚引く。
イラストレーター名：
saihate
カードナンバー：
hBP07-012"
hBP07,hBP07-013,角巻わため,https://hololive-official-cardgame.com/cardlist/?id=1799&%2Fcardlist%2Fcardsearch_ex=&expansion=hBP07&view=image,https://hololive-official-cardgame.com/wp-content/images/cardlist/hBP07/hBP07-013_U.png,2026年03月13日(金),ブースターパック「ディーヴァフィーバー」,イラストレーター名：佐倉おりこカードナンバー：hBP07-013,0,,"カードタイプ
ホロメン
タグ
#JP
#4期生
#ケモミミ
#歌
レアリティ
U
収録商品
ブースターパック「ディーヴァフィーバー」
色
HP
210
Bloomレベル
2nd
バトンタッチ
キーワード
はばないすでーい！！！
このターンの間、自分のステージの〈角巻わため〉全員のアーツ+20。その後、自分のセンターホロメンにエールが6枚以上付いているなら、自分のデッキを2枚引く。
アーツ
センキューオーバーシープ！　90+
このホロメンに付いている〈わためいと〉1枚につき、このアーツ+50。
イラストレーター名：
佐倉おりこ
カードナンバー：
hBP07-013"
hBP07,hBP07-014,角巻わため,https://hololive-official-cardgame.com/cardlist/?id=1800&%2Fcardlist%2Fcardsearch_ex=&expansion=hBP07&view=image,https://hololive-official-cardgame.com/wp-content/images/cardlist/hBP07/hBP07-014_RR.png,2026年03月13日(金),ブースターパック「ディーヴァフィーバー」,イラストレーター名：砂利さや(か)カードナンバー：hBP07-014,0,,"カードタイプ
ホロメン
タグ
#JP
#4期生
#ケモミミ
#歌
レアリティ
RR
収録商品
ブースターパック「ディーヴァフィーバー」
色
HP
200
Bloomレベル
2nd
バトンタッチ
キーワード
キュートセクシー
このホロメンに重なっているホロメン1枚につき、このホロメンのHP+10。
アーツ
脳天直撃わためハンマー！　160
[センターポジション限定]このアーツで相手のホロメンをダウンさせた時、与えたダメージが残りHPをオーバーしていたなら、相手の2ndホロメン1人に、オーバーしたダメージと同じ数値の特殊ダメージを与える。
イラストレーター名：
砂利さや(か)
カードナンバー：
hBP07-014"
hBP07,hBP07-015,ベスティア・ゼータ,https://hololive-official-cardgame.com/cardlist/?id=1801&%2Fcardlist%2Fcardsearch_ex=&expansion=hBP07&view=image,https://hololive-official-cardgame.com/wp-content/images/cardlist/hBP07/hBP07-015_C.png,2026年03月13日(金),ブースターパック「ディーヴァフィーバー」,イラストレーター名：あるてらカードナンバー：hBP07-015,0,,"カードタイプ
ホロメン
タグ
#ID
#ID3期生
レアリティ
C
収録商品
ブースターパック「ディーヴァフィーバー」
色
HP
130
Bloomレベル
Debut
バトンタッチ
キーワード
Adopt Me？
自分が後攻で最初のターンなら、自分のデッキから、#ID3期生を持つBuzzホロメン1枚を公開し、手札に加える。そしてデッキをシャッフルする。
アーツ
ノラネコ見つけた~　20
イラストレーター名：
あるてら
カードナンバー：
hBP07-015"
hBP07,hBP07-016,ベスティア・ゼータ,https://hololive-official-cardgame.com/cardlist/?id=1802&%2Fcardlist%2Fcardsearch_ex=&expansion=hBP07&view=image,https://hololive-official-cardgame.com/wp-content/images/cardlist/hBP07/hBP07-016_U.png,2026年03月13日(金),ブースターパック「ディーヴァフィーバー」,イラストレーター名：すなれカードナンバー：hBP07-016,0,,"カードタイプ
ホロメン
タグ
#ID
#ID3期生
レアリティ
U
収録商品
ブースターパック「ディーヴァフィーバー」
色
HP
120
Bloomレベル
Debut
バトンタッチ
キーワード
Pat the BAZO
このホロメンにマスコットが付いているなら、このホロメンのHP+30。
アーツ
So, Tell Me Your Secrets?　20
イラストレーター名：
すなれ
カードナンバー：
hBP07-016"
hBP07,hBP07-017,ベスティア・ゼータ,https://hololive-official-cardgame.com/cardlist/?id=1803&%2Fcardlist%2Fcardsearch_ex=&expansion=hBP07&view=image,https://hololive-official-cardgame.com/wp-content/images/cardlist/hBP07/hBP07-017_C.png,2026年03月13日(金),ブースターパック「ディーヴァフィーバー」,イラストレーター名：のり恋カードナンバー：hBP07-017,0,,"カードタイプ
ホロメン
タグ
#ID
#ID3期生
レアリティ
C
収録商品
ブースターパック「ディーヴァフィーバー」
色
HP
170
Bloomレベル
1st
バトンタッチ
キーワード
holoh3ro Shopping
[センターポジション限定]自分の#ID3期生を持つBuzzホロメンがコラボした時、自分のステージのホロメン1人を選ぶ。このターンの間、選んだホロメンのアーツ+30。
アーツ
みんなと一緒にいる時間が好き　50
イラストレーター名：
のり恋
カードナンバー：
hBP07-017"
hBP07,hBP07-018,ベスティア・ゼータ,https://hololive-official-cardgame.com/cardlist/?id=1804&%2Fcardlist%2Fcardsearch_ex=&expansion=hBP07&view=image,https://hololive-official-cardgame.com/wp-content/images/cardlist/hBP07/hBP07-018_C.png,2026年03月13日(金),ブースターパック「ディーヴァフィーバー」,イラストレーター名：順弐カードナンバー：hBP07-018,0,,"カードタイプ
ホロメン
タグ
#ID
#ID3期生
レアリティ
C
収録商品
ブースターパック「ディーヴァフィーバー」
色
HP
160
Bloomレベル
1st
バトンタッチ
キーワード
Horse Doko?
自分のデッキの上から1枚を公開する。公開したカードがサポートカードなら、そのカードを手札に加える。サポートカード以外なら、そのカードをデッキの上に戻す。
アーツ
うまみ～うまみ～♪　30+
このターンに自分がイベントを使っていたなら、このアーツ+30。
イラストレーター名：
順弐
カードナンバー：
hBP07-018"
hBP07,hBP07-019,ベスティア・ゼータ,https://hololive-official-cardgame.com/cardlist/?id=1805&%2Fcardlist%2Fcardsearch_ex=&expansion=hBP07&view=image,https://hololive-official-cardgame.com/wp-content/images/cardlist/hBP07/hBP07-019_R.png,2026年03月13日(金),ブースターパック「ディーヴァフィーバー」,イラストレーター名：有芳カードナンバー：hBP07-019,0,,"カードタイプ
Buzzホロメン
タグ
#ID
#ID3期生
レアリティ
R
収録商品
ブースターパック「ディーヴァフィーバー」
色
HP
230
Bloomレベル
1st
バトンタッチ
キーワード
準備万端！
自分のデッキから、[〈BAZO〉か〈Zecretary〉]1枚を公開し、自分の〈ベスティア・ゼータ〉に付ける。そしてデッキをシャッフルする。
アーツ
ホロライブID初代ダンスクイーン　50
このホロメンにマスコットかファンが付いているなら、自分のデッキを1枚引く。
エクストラ
このホロメンがダウンした時、自分のライフ-2
イラストレーター名：
有芳
カードナンバー：
hBP07-019"
hBP07,hBP07-020,ベスティア・ゼータ,https://hololive-official-cardgame.com/cardlist/?id=1806&%2Fcardlist%2Fcardsearch_ex=&expansion=hBP07&view=image,https://hololive-official-cardgame.com/wp-content/images/cardlist/hBP07/hBP07-020_U.png,2026年03月13日(金),ブースターパック「ディーヴァフィーバー」,イラストレーター名：mint-tanカードナンバー：hBP07-020,1,"Q: Q hBP07-020〈ベスティア・ゼータ〉のコラボエフェクト「Ya ya ya ya ya～!」は、残りのHPが90以下の相手のホロメンに使用した場合、HPはどうなりますか？
A: A 相手のホロメンの残りのHPは100になります。","カードタイプ
ホロメン
タグ
#ID
#ID3期生
レアリティ
U
収録商品
ブースターパック「ディーヴァフィーバー」
色
HP
200
Bloomレベル
2nd
バトンタッチ
キーワード
Ya ya ya ya ya～!
サイコロを1回振る。奇数なら、相手のセンターポジションの2ndホロメンの残りHPを100にする。
アーツ
もっとパフォーマンスしたい！　100
イラストレーター名：
mint-tan
カードナンバー：
hBP07-020"
hBP07,hBP07-021,ベスティア・ゼータ,https://hololive-official-cardgame.com/cardlist/?id=1807&%2Fcardlist%2Fcardsearch_ex=&expansion=hBP07&view=image,https://hololive-official-cardgame.com/wp-content/images/cardlist/hBP07/hBP07-021_RR.png,2026年03月13日(金),ブースターパック「ディーヴァフィーバー」,イラストレーター名：しちがつカードナンバー：hBP07-021,0,,"カードタイプ
ホロメン
タグ
#ID
#ID3期生
レアリティ
RR
収録商品
ブースターパック「ディーヴァフィーバー」
色
HP
200
Bloomレベル
2nd
バトンタッチ
キーワード
任務手伝ってくれる？
自分のアーカイブの[〈BAZO〉か〈Zecretary〉]1枚を自分のホロメンに付ける。
アーツ
最高のシークレットエージェント　160+
自分のステージに#ID3期生を持つBuzzホロメンがいるなら、このアーツ+40。
イラストレーター名：
しちがつ
カードナンバー：
hBP07-021"
hBP07,hBP07-022,白銀ノエル,https://hololive-official-cardgame.com/cardlist/?id=1808&%2Fcardlist%2Fcardsearch_ex=&expansion=hBP07&view=image,https://hololive-official-cardgame.com/wp-content/images/cardlist/hBP07/hBP07-022_R.png,2026年03月13日(金),ブースターパック「ディーヴァフィーバー」,イラストレーター名：宮谷里沙カードナンバー：hBP07-022,1,"Q: Q hBP07-022〈白銀ノエル〉のギフト「筋肉は裏切らない！」の能力でホロメンを戻した場合、ライフダメージはどうなりますか？
A: A この場合、ライフダメージは通常通り処理されます。","カードタイプ
ホロメン
タグ
#JP
#3期生
#お酒
レアリティ
R
収録商品
ブースターパック「ディーヴァフィーバー」
色
HP
220
Bloomレベル
2nd
バトンタッチ
キーワード
筋肉は裏切らない！
[コラボポジション限定]相手のターンで、自分の#3期生を持つセンターホロメンがダウンした時、そのホロメンを含め重なっているホロメンすべてを手札に戻す。
アーツ
元気もりもりさんでーまっする　50
自分の#3期生を持つホロメン1人を選ぶ。このターンの間、選んだホロメンのアーツに必要な無色-1。そのホロメンが2ndホロメンの〈白銀ノエル〉なら、かわりに、そのアーツに必要な無色-2。
イラストレーター名：
宮谷里沙
カードナンバー：
hBP07-022"
hBP07,hBP07-023,大神ミオ,https://hololive-official-cardgame.com/cardlist/?id=1809&%2Fcardlist%2Fcardsearch_ex=&expansion=hBP07&view=image,https://hololive-official-cardgame.com/wp-content/images/cardlist/hBP07/hBP07-023_C.png,2026年03月13日(金),ブースターパック「ディーヴァフィーバー」,イラストレーター名：泉彩カードナンバー：hBP07-023,0,,"カードタイプ
ホロメン
タグ
#JP
#ゲーマーズ
#ケモミミ
#料理
レアリティ
C
収録商品
ブースターパック「ディーヴァフィーバー」
色
HP
120
Bloomレベル
Debut
バトンタッチ
キーワード
占いパワー注入！
自分が後攻で最初のターンなら、自分のデッキの上から3枚を見る。その中から、カード1枚を手札に加える。そして残ったカードを好きな順でデッキの上に戻す。
アーツ
MIOON!　30
イラストレーター名：
泉彩
カードナンバー：
hBP07-023"
hBP07,hBP07-024,大神ミオ,https://hololive-official-cardgame.com/cardlist/?id=1810&%2Fcardlist%2Fcardsearch_ex=&expansion=hBP07&view=image,https://hololive-official-cardgame.com/wp-content/images/cardlist/hBP07/hBP07-024_U.png,2026年03月13日(金),ブースターパック「ディーヴァフィーバー」,イラストレーター名：イマフクカードナンバー：hBP07-024,0,,"カードタイプ
ホロメン
タグ
#JP
#ゲーマーズ
#ケモミミ
#料理
レアリティ
U
収録商品
ブースターパック「ディーヴァフィーバー」
色
HP
130
Bloomレベル
Debut
バトンタッチ
キーワード
ウチの大切な家族
[ターンに1回]このホロメンに〈ミオファ〉が付いた時、自分のデッキを1枚引く。
アーツ
今日もいっぱい笑っていこう　10+
自分のデッキの上から1枚をアーカイブできる。アーカイブしたカードがサポートカードなら、このアーツ+30。
イラストレーター名：
イマフク
カードナンバー：
hBP07-024"
hBP07,hBP07-025,大神ミオ,https://hololive-official-cardgame.com/cardlist/?id=1811&%2Fcardlist%2Fcardsearch_ex=&expansion=hBP07&view=image,https://hololive-official-cardgame.com/wp-content/images/cardlist/hBP07/hBP07-025_C.png,2026年03月13日(金),ブースターパック「ディーヴァフィーバー」,イラストレーター名：ERIMOカードナンバー：hBP07-025,0,,"カードタイプ
ホロメン
タグ
#JP
#ゲーマーズ
#ケモミミ
#料理
レアリティ
C
収録商品
ブースターパック「ディーヴァフィーバー」
色
HP
170
Bloomレベル
1st
バトンタッチ
キーワード
抹茶パフェ～！きゅんです
自分のサポートカードが付いている#ゲーマーズを持つホロメン1人を選ぶ。このターンの間、選んだホロメンのアーツ+20。
アーツ
ゲーマーズカフェへようこそ　20
自分のアーカイブのエール1枚を自分の#ゲーマーズを持つホロメンに送る。
イラストレーター名：
ERIMO
カードナンバー：
hBP07-025"
hBP07,hBP07-026,大神ミオ,https://hololive-official-cardgame.com/cardlist/?id=1812&%2Fcardlist%2Fcardsearch_ex=&expansion=hBP07&view=image,https://hololive-official-cardgame.com/wp-content/images/cardlist/hBP07/hBP07-026_C.png,2026年03月13日(金),ブースターパック「ディーヴァフィーバー」,イラストレーター名：イマフクカードナンバー：hBP07-026,0,,"カードタイプ
ホロメン
タグ
#JP
#ゲーマーズ
#ケモミミ
#料理
レアリティ
C
収録商品
ブースターパック「ディーヴァフィーバー」
色
HP
140
Bloomレベル
1st
バトンタッチ
キーワード
早く来ないかな…
自分のデッキから、[〈ハトタウロス〉か〈ミオファ〉]1枚を公開し、手札に加える。そしてデッキをシャッフルする。
アーツ
ちょっとお洒落な感じでしょ？　40
イラストレーター名：
イマフク
カードナンバー：
hBP07-026"
hBP07,hBP07-027,大神ミオ,https://hololive-official-cardgame.com/cardlist/?id=1813&%2Fcardlist%2Fcardsearch_ex=&expansion=hBP07&view=image,https://hololive-official-cardgame.com/wp-content/images/cardlist/hBP07/hBP07-027_R.png,2026年03月13日(金),ブースターパック「ディーヴァフィーバー」,イラストレーター名：イマフクカードナンバー：hBP07-027,0,,"カードタイプ
ホロメン
タグ
#JP
#ゲーマーズ
#ケモミミ
#料理
レアリティ
R
収録商品
ブースターパック「ディーヴァフィーバー」
色
HP
160
Bloomレベル
1st
バトンタッチ
キーワード
ハートの女王の采配
このホロメン以外の自分のバックホロメン1人を選ぶ。このターンの間、選んだホロメンのアーツ+30。
アーツ
女王陛下と呼びなさい　70
[センターポジション限定]このアーツで相手のホロメンをダウンさせた時、自分のデッキを1枚引く。
イラストレーター名：
イマフク
カードナンバー：
hBP07-027"
hBP07,hBP07-028,大神ミオ,https://hololive-official-cardgame.com/cardlist/?id=1814&%2Fcardlist%2Fcardsearch_ex=&expansion=hBP07&view=image,https://hololive-official-cardgame.com/wp-content/images/cardlist/hBP07/hBP07-028_U.png,2026年03月13日(金),ブースターパック「ディーヴァフィーバー」,イラストレーター名：泉彩カードナンバー：hBP07-028,1,"Q: Q hBP07-106〈ハトタウロス〉が付いているhBP07-028〈大神ミオ〉がコラボした時、hBP07-106〈ハトタウロス〉の能力とコラボエフェクト「金瞳の綺羅星」の能力はどちらから処理されますか?
A: A どちらも「コラボした時」に使える能力であるため、好きな順番で処理ができます。","カードタイプ
ホロメン
タグ
#JP
#ゲーマーズ
#ケモミミ
#料理
レアリティ
U
収録商品
ブースターパック「ディーヴァフィーバー」
色
HP
200
Bloomレベル
2nd
バトンタッチ
キーワード
金瞳の綺羅星
自分のデッキの上から2枚を見る。その中から、カード1枚を手札に加える。そして残ったカードをデッキの上に戻す。
アーツ
天まで届け、みんなの願い　90+
自分のデッキの上から1枚をアーカイブできる。アーカイブしたカードがサポートカードなら、このアーツ+50。
イラストレーター名：
泉彩
カードナンバー：
hBP07-028"
hBP07,hBP07-029,大神ミオ,https://hololive-official-cardgame.com/cardlist/?id=1815&%2Fcardlist%2Fcardsearch_ex=&expansion=hBP07&view=image,https://hololive-official-cardgame.com/wp-content/images/cardlist/hBP07/hBP07-029_RR.png,2026年03月13日(金),ブースターパック「ディーヴァフィーバー」,イラストレーター名：もも寝子カードナンバー：hBP07-029,1,"Q: Q 残りHPが10の、サポートカードが付いているhBP07-029〈大神ミオ〉が10ダメージを受けてダウンしました。 この場合、ギフト「緑の地母神」の能力で50回復してステージに残ることはできますか？
A: A いいえ、できません。 先にダウン処理によってアーカイブに置かれます。","カードタイプ
ホロメン
タグ
#JP
#ゲーマーズ
#ケモミミ
#料理
レアリティ
RR
収録商品
ブースターパック「ディーヴァフィーバー」
色
HP
200
Bloomレベル
2nd
バトンタッチ
キーワード
緑の地母神
[ターンに1回]相手のターンで、このホロメンがダメージを受けた時、このホロメンにサポートカードが付いているなら、このホロメンのHP50回復。
アーツ
Upright Leading　130+
自分のデッキの上から1枚をアーカイブできる。アーカイブしたカードがホロメンなら、自分のエールデッキの上から1枚を自分のホロメンに送る。サポートカードなら、このアーツ+50。
イラストレーター名：
もも寝子
カードナンバー：
hBP07-029"
hBP07,hBP07-030,風真いろは,https://hololive-official-cardgame.com/cardlist/?id=1816&%2Fcardlist%2Fcardsearch_ex=&expansion=hBP07&view=image,https://hololive-official-cardgame.com/wp-content/images/cardlist/hBP07/hBP07-030_R.png,2026年03月13日(金),ブースターパック「ディーヴァフィーバー」,イラストレーター名：うごんばカードナンバー：hBP07-030,1,"Q: Q hBP07-030〈風真いろは〉のブルームエフェクト「holoRêve -いろは-」の「BuzzホロメンからBloomした時」とは、どういう意味ですか？
A: A hBP07-030〈風真いろは〉の真下にあるカードがBuzzホロメンである状態を指します。","カードタイプ
ホロメン
タグ
#JP
#秘密結社holoX
レアリティ
R
収録商品
ブースターパック「ディーヴァフィーバー」
色
HP
210
Bloomレベル
2nd
バトンタッチ
キーワード
holoRêve -いろは-
BuzzホロメンからBloomした時、自分のホロメン1人のHP100回復。
アーツ
たくさんの宝物　100
このホロメンのエール2枚をアーカイブできる：自分のデッキを2枚引く。
イラストレーター名：
うごんば
カードナンバー：
hBP07-030"
hBP07,hBP07-031,アイラニ・イオフィフティーン,https://hololive-official-cardgame.com/cardlist/?id=1817&%2Fcardlist%2Fcardsearch_ex=&expansion=hBP07&view=image,https://hololive-official-cardgame.com/wp-content/images/cardlist/hBP07/hBP07-031_R.png,2026年03月13日(金),ブースターパック「ディーヴァフィーバー」,イラストレーター名：よもさかカードナンバー：hBP07-031,0,,"カードタイプ
Buzzホロメン
タグ
#ID
#ID1期生
#絵
レアリティ
R
収録商品
ブースターパック「ディーヴァフィーバー」
色
HP
240
Bloomレベル
1st
バトンタッチ
キーワード
この輝きが私達！
自分のホロパワーの上から2枚をアーカイブできる：自分のデッキを2枚引く。
アーツ
ひとつになる声　50
自分の推しホロメンの色が緑か青か黄なら、自分のデッキの上から1枚をホロパワーにする。
エクストラ
このホロメンがダウンした時、自分のライフ-2
イラストレーター名：
よもさか
カードナンバー：
hBP07-031"
hBP07,hBP07-032,輪堂千速,https://hololive-official-cardgame.com/cardlist/?id=1818&%2Fcardlist%2Fcardsearch_ex=&expansion=hBP07&view=image,https://hololive-official-cardgame.com/wp-content/images/cardlist/hBP07/hBP07-032_C.png,2026年03月13日(金),ブースターパック「ディーヴァフィーバー」,イラストレーター名：春夏カードナンバー：hBP07-032,0,,"カードタイプ
ホロメン
タグ
#DEV_IS
#FLOW GLOW
レアリティ
C
収録商品
ブースターパック「ディーヴァフィーバー」
色
HP
130
Bloomレベル
Debut
バトンタッチ
キーワード
ドライブ行こうよ
自分が後攻で最初のターンなら、自分のデッキから、[1stホロメンの〈輪堂千速〉と〈ふぐ太郎〉]1枚ずつを公開し、手札に加える。そしてデッキをシャッフルする。
アーツ
一陣の夜風　10
イラストレーター名：
春夏
カードナンバー：
hBP07-032"
hBP07,hBP07-033,輪堂千速,https://hololive-official-cardgame.com/cardlist/?id=1819&%2Fcardlist%2Fcardsearch_ex=&expansion=hBP07&view=image,https://hololive-official-cardgame.com/wp-content/images/cardlist/hBP07/hBP07-033_U.png,2026年03月13日(金),ブースターパック「ディーヴァフィーバー」,イラストレーター名：あやせりんカードナンバー：hBP07-033,0,,"カードタイプ
ホロメン
タグ
#DEV_IS
#FLOW GLOW
レアリティ
U
収録商品
ブースターパック「ディーヴァフィーバー」
色
HP
160
Bloomレベル
1st
バトンタッチ
キーワード
ティールマーメイド
自分のこのターンにBloomした#FLOW GLOWを持つホロメン1人を選ぶ。このターンの間、選んだホロメンのアーツ+30。
アーツ
～Something blue～ 千速　50
イラストレーター名：
あやせりん
カードナンバー：
hBP07-033"
hBP07,hBP07-034,輪堂千速,https://hololive-official-cardgame.com/cardlist/?id=1820&%2Fcardlist%2Fcardsearch_ex=&expansion=hBP07&view=image,https://hololive-official-cardgame.com/wp-content/images/cardlist/hBP07/hBP07-034_R.png,2026年03月13日(金),ブースターパック「ディーヴァフィーバー」,イラストレーター名：Honshinカードナンバー：hBP07-034,0,,"カードタイプ
ホロメン
タグ
#DEV_IS
#FLOW GLOW
レアリティ
R
収録商品
ブースターパック「ディーヴァフィーバー」
色
HP
190
Bloomレベル
1st
バトンタッチ
キーワード
ぶいぶい走らせるぞ！！！
自分のステージのエール1枚をアーカイブできる：自分のデッキから、#FLOW GLOWを持つ[Debutホロメンか1stホロメンかSpotホロメン]1枚を公開し、手札に加える。そしてデッキをシャッフルする。
アーツ
どっちが速いｶﾅ？！？！？！　20+
このホロメンに〈ふぐ太郎〉が付いているなら、このアーツ+10。
イラストレーター名：
Honshin
カードナンバー：
hBP07-034"
hBP07,hBP07-035,輪堂千速,https://hololive-official-cardgame.com/cardlist/?id=1821&%2Fcardlist%2Fcardsearch_ex=&expansion=hBP07&view=image,https://hololive-official-cardgame.com/wp-content/images/cardlist/hBP07/hBP07-035_RR.png,2026年03月13日(金),ブースターパック「ディーヴァフィーバー」,イラストレーター名：むっちりしいたけカードナンバー：hBP07-035,0,,"カードタイプ
ホロメン
タグ
#DEV_IS
#FLOW GLOW
レアリティ
RR
収録商品
ブースターパック「ディーヴァフィーバー」
色
HP
190
Bloomレベル
2nd
バトンタッチ
キーワード
Give Me Hype!!
このターンに自分の#FLOW GLOWを持つホロメンがBloomした回数1回につき、自分のエールデッキの上から1枚をこのホロメンに送る。
アーツ
サージングエキゾースト　160
このホロメンのエールを数えて、そのすべてを好きな順でエールデッキの下に戻す。その後、自分の手札がこの能力で戻したエールの枚数と同じになるまで、自分のデッキを引く。
イラストレーター名：
むっちりしいたけ
カードナンバー：
hBP07-035"
hBP07,hBP07-036,赤井はあと,https://hololive-official-cardgame.com/cardlist/?id=1822&%2Fcardlist%2Fcardsearch_ex=&expansion=hBP07&view=image,https://hololive-official-cardgame.com/wp-content/images/cardlist/hBP07/hBP07-036_C.png,2026年03月13日(金),ブースターパック「ディーヴァフィーバー」,イラストレーター名：時坂まことカードナンバー：hBP07-036,0,,"カードタイプ
ホロメン
タグ
#JP
#1期生
#料理
レアリティ
C
収録商品
ブースターパック「ディーヴァフィーバー」
色
HP
110
Bloomレベル
Debut
バトンタッチ
キーワード
AKAI HAATO VS HAACHAMA
自分が後攻で最初のターンなら、自分のデッキから、Debutホロメンの〈赤井はあと〉2枚を公開し、ステージに出す。そしてデッキをシャッフルする。
アーツ
どちらがお好き？♡　30
イラストレーター名：
時坂まこと
カードナンバー：
hBP07-036"
hBP07,hBP07-037,赤井はあと,https://hololive-official-cardgame.com/cardlist/?id=1823&%2Fcardlist%2Fcardsearch_ex=&expansion=hBP07&view=image,https://hololive-official-cardgame.com/wp-content/images/cardlist/hBP07/hBP07-037_U.png,2026年03月13日(金),ブースターパック「ディーヴァフィーバー」,イラストレーター名：ミーたろうカードナンバー：hBP07-037,0,,"カードタイプ
ホロメン
タグ
#JP
#1期生
#料理
レアリティ
U
収録商品
ブースターパック「ディーヴァフィーバー」
色
HP
100
Bloomレベル
Debut
バトンタッチ
キーワード
ちゃまと旅する！
自分のセンターホロメンが〈赤井はあと〉なら、自分のデッキを1枚引く。
アーツ
旅はまだ、始まったばかり。　20
イラストレーター名：
ミーたろう
カードナンバー：
hBP07-037"
hBP07,hBP07-038,赤井はあと,https://hololive-official-cardgame.com/cardlist/?id=1824&%2Fcardlist%2Fcardsearch_ex=&expansion=hBP07&view=image,https://hololive-official-cardgame.com/wp-content/images/cardlist/hBP07/hBP07-038_C.png,2026年03月13日(金),ブースターパック「ディーヴァフィーバー」,イラストレーター名：時坂まことカードナンバー：hBP07-038,0,,"カードタイプ
ホロメン
タグ
#JP
#1期生
#料理
レアリティ
C
収録商品
ブースターパック「ディーヴァフィーバー」
色
HP
150
Bloomレベル
1st
バトンタッチ
キーワード
幻獣グルメハンター
サイコロを1回振る。奇数なら、相手のセンターホロメンに特殊ダメージ20を与える。偶数なら、自分のデッキを1枚引く。
アーツ
hololiveEN0　30
このターンの間、自分のステージの#ENを持つホロメン全員のアーツ+20。
イラストレーター名：
時坂まこと
カードナンバー：
hBP07-038"
hBP07,hBP07-039,赤井はあと,https://hololive-official-cardgame.com/cardlist/?id=1825&%2Fcardlist%2Fcardsearch_ex=&expansion=hBP07&view=image,https://hololive-official-cardgame.com/wp-content/images/cardlist/hBP07/hBP07-039_C.png,2026年03月13日(金),ブースターパック「ディーヴァフィーバー」,イラストレーター名：mihoカードナンバー：hBP07-039,1,"Q: Q 自分のステージにhBP07-039〈赤井はあと〉とhBP07-040〈赤井はあと〉がいる時、hBP07-40〈赤井はあと〉のコラボエフェクト「Haachama ♥ Restaurant」の能力で、バックポジションの〈赤井はあと〉をデッキの下に戻しました。 この場合、hBP07-004〈赤井はあと〉の推しステージスキル「はあちゃまなう」とhBP07-039〈赤井はあと〉のギフト「血ゃ舞ってる奴いる！？」のどちらから処理しますか？
A: A hBP07-004〈赤井はあと〉とhBP07-039〈赤井はあと〉持つプレイヤーが好きな順番で処理します。","カードタイプ
ホロメン
タグ
#JP
#1期生
#料理
レアリティ
C
収録商品
ブースターパック「ディーヴァフィーバー」
色
HP
160
Bloomレベル
1st
バトンタッチ
キーワード
血ゃ舞ってる奴いる！？
[ターンに1回]自分のターンで、自分の〈赤井はあと〉がステージからデッキに戻った時、自分のアーカイブのエール1枚をこのホロメンに送れる。
アーツ
俺の名は〝ちゃまお〟漢の中の漢だ！　50
相手のセンターホロメンに特殊ダメージ20を与える。
イラストレーター名：
miho
カードナンバー：
hBP07-039"
hBP07,hBP07-040,赤井はあと,https://hololive-official-cardgame.com/cardlist/?id=1826&%2Fcardlist%2Fcardsearch_ex=&expansion=hBP07&view=image,https://hololive-official-cardgame.com/wp-content/images/cardlist/hBP07/hBP07-040_R.png,2026年03月13日(金),ブースターパック「ディーヴァフィーバー」,イラストレーター名：すすもくカードナンバー：hBP07-040,3,"Q: Q hBP07-040〈赤井はあと〉のコラボエフェクト「Haachama ♥ Restaurant」の能力で、自分の〈赤井はあと〉がデッキに戻る場合、好きな順番でデッキの下に戻せますか？
A: A はい、戻せます。

Q: Q hBP07-040〈赤井はあと〉のコラボエフェクト「Haachama ♥ Restaurant」の能力で、自分の〈赤井はあと〉がデッキに戻る場合、その〈赤井はあと〉に付いているカードもデッキに戻りますか？
A: A いいえ、戻りません。 付いているカードはすべてアーカイブされます。

Q: Q 自分のステージにhBP07-039〈赤井はあと〉とhBP07-040〈赤井はあと〉がいる時、hBP07-40〈赤井はあと〉のコラボエフェクト「Haachama ♥ Restaurant」の能力で、バックポジションの〈赤井はあと〉をデッキの下に戻しました。 この場合、hBP07-004〈赤井はあと〉の推しステージスキル「はあちゃまなう」とhBP07-039〈赤井はあと〉のギフト「血ゃ舞ってる奴いる！？」のどちらから処理しますか？
A: A hBP07-004〈赤井はあと〉とhBP07-039〈赤井はあと〉持つプレイヤーが好きな順番で処理します。","カードタイプ
ホロメン
タグ
#JP
#1期生
#料理
レアリティ
R
収録商品
ブースターパック「ディーヴァフィーバー」
色
HP
170
Bloomレベル
1st
バトンタッチ
キーワード
Haachama ♥ Restaurant
自分のバックポジションのDebutホロメンの〈赤井はあと〉1人をデッキの下に戻せる：自分のデッキから、Buzz以外の[1stホロメンか2ndホロメン]1枚を公開し、手札に加える。そしてデッキをシャッフルする。
アーツ
当店自慢のはあとんバーガー！　40
イラストレーター名：
すすもく
カードナンバー：
hBP07-040"
hBP07,hBP07-041,赤井はあと,https://hololive-official-cardgame.com/cardlist/?id=1827&%2Fcardlist%2Fcardsearch_ex=&expansion=hBP07&view=image,https://hololive-official-cardgame.com/wp-content/images/cardlist/hBP07/hBP07-041_U.png,2026年03月13日(金),ブースターパック「ディーヴァフィーバー」,イラストレーター名：みかん。カードナンバー：hBP07-041,0,,"カードタイプ
ホロメン
タグ
#JP
#1期生
#料理
レアリティ
U
収録商品
ブースターパック「ディーヴァフィーバー」
色
HP
200
Bloomレベル
2nd
バトンタッチ
キーワード
EVERYBODY SAY HENTAI
相手のコラボホロメンに特殊ダメージ50を与える。
アーツ
万物に愛されちゃま計画　80+
自分のステージのエールすべてが赤エールなら、このアーツ+20。
イラストレーター名：
みかん。
カードナンバー：
hBP07-041"
hBP07,hBP07-042,赤井はあと,https://hololive-official-cardgame.com/cardlist/?id=1828&%2Fcardlist%2Fcardsearch_ex=&expansion=hBP07&view=image,https://hololive-official-cardgame.com/wp-content/images/cardlist/hBP07/hBP07-042_RR.png,2026年03月13日(金),ブースターパック「ディーヴァフィーバー」,イラストレーター名：夕城カードナンバー：hBP07-042,0,,"カードタイプ
ホロメン
タグ
#JP
#1期生
#料理
レアリティ
RR
収録商品
ブースターパック「ディーヴァフィーバー」
色
HP
200
Bloomレベル
2nd
バトンタッチ
アーツ
純心タランテラ　80
相手のセンターホロメンとコラボホロメンに特殊ダメージ40を与える。
アーツ
幸せへの旅路　140+
このターンに自分のホロメンがステージからデッキに戻っていたなら、このアーツ+50。
イラストレーター名：
夕城
カードナンバー：
hBP07-042"
hBP07,hBP07-043,さくらみこ,https://hololive-official-cardgame.com/cardlist/?id=1829&%2Fcardlist%2Fcardsearch_ex=&expansion=hBP07&view=image,https://hololive-official-cardgame.com/wp-content/images/cardlist/hBP07/hBP07-043_R.png,2026年03月13日(金),ブースターパック「ディーヴァフィーバー」,イラストレーター名：うごんばカードナンバー：hBP07-043,1,"Q: Q hBP03-107〈35P〉が2枚付いているhBP07-043〈さくらみこ〉がアーツ「桜は花に顕る」を使いました。 この場合、アーツの能力で引けるカードは何枚になりますか？
A: A 2枚となります。","カードタイプ
ホロメン
タグ
#JP
#0期生
#ベイビー
レアリティ
R
収録商品
ブースターパック「ディーヴァフィーバー」
色
HP
210
Bloomレベル
2nd
バトンタッチ
キーワード
holoRêve -みこ-
3か5を選ぶ。このターンの間、自分の推しホロメンの〈さくらみこ〉と自分のステージの〈さくらみこ〉の能力でサイコロを振る時、そのサイコロの目の数すべてを選んだ数として扱う。
アーツ
桜は花に顕る　70+
このホロメンに付いている〈35P〉1枚につき、このアーツ+70し、自分のデッキを1枚引く。
イラストレーター名：
うごんば
カードナンバー：
hBP07-043"
hBP07,hBP07-044,尾丸ポルカ,https://hololive-official-cardgame.com/cardlist/?id=1830&%2Fcardlist%2Fcardsearch_ex=&expansion=hBP07&view=image,https://hololive-official-cardgame.com/wp-content/images/cardlist/hBP07/hBP07-044_R.png,2026年03月13日(金),ブースターパック「ディーヴァフィーバー」,イラストレーター名：nimaカードナンバー：hBP07-044,1,"Q: Q 自分のセンターホロメンがhBP07-044〈尾丸ポルカ〉の時、hBP01-126〈座員〉が付いているhBP01-071〈尾丸ポルカ〉がダウンしました。 この場合、ライフダメージはいくつになりますか？
A: A この場合、hBP07-044〈尾丸ポルカ〉のギフト「The Show Must Go On」の能力によって減るライフが-1となるため、ライフダメージは1となります。","カードタイプ
ホロメン
タグ
#JP
#5期生
#ケモミミ
レアリティ
R
収録商品
ブースターパック「ディーヴァフィーバー」
色
HP
200
Bloomレベル
2nd
バトンタッチ
キーワード
The Show Must Go On
[センターポジション・コラボポジション限定]相手のターンで、自分のファンが付いているBuzzホロメンがダウンした時、自分の推しホロメンが〈尾丸ポルカ〉なら、自分の減るライフ-1。
アーツ
スタッフファーストです！　120
自分のデッキの上から2枚をアーカイブする。その後、自分のアーカイブのスタッフ1枚を手札に戻せる。
イラストレーター名：
nima
カードナンバー：
hBP07-044"
hBP07,hBP07-045,ハコス・ベールズ,https://hololive-official-cardgame.com/cardlist/?id=1831&%2Fcardlist%2Fcardsearch_ex=&expansion=hBP07&view=image,https://hololive-official-cardgame.com/wp-content/images/cardlist/hBP07/hBP07-045_R.png,2026年03月13日(金),ブースターパック「ディーヴァフィーバー」,イラストレーター名：ムロマキカードナンバー：hBP07-045,0,,"カードタイプ
Buzzホロメン
タグ
#EN
#Promise
#ケモミミ
レアリティ
R
収録商品
ブースターパック「ディーヴァフィーバー」
色
HP
230
Bloomレベル
1st
バトンタッチ
キーワード
テンション上がってきた！
[センターポジション・コラボポジション限定]自分のSP推しスキルを使った時、自分のデッキの上から1枚をホロパワーにする。
アーツ
キミがいないと楽しくないもん　20+
自分の手札1枚につき、このアーツ+20。
エクストラ
このホロメンがダウンした時、自分のライフ-2
イラストレーター名：
ムロマキ
カードナンバー：
hBP07-045"
hBP07,hBP07-046,エリザベス・ローズ・ブラッドフレイム,https://hololive-official-cardgame.com/cardlist/?id=1832&%2Fcardlist%2Fcardsearch_ex=&expansion=hBP07&view=image,https://hololive-official-cardgame.com/wp-content/images/cardlist/hBP07/hBP07-046_C.png,2026年03月13日(金),ブースターパック「ディーヴァフィーバー」,イラストレーター名：加川壱互カードナンバー：hBP07-046,0,,"カードタイプ
ホロメン
タグ
#EN
#Justice
#歌
レアリティ
C
収録商品
ブースターパック「ディーヴァフィーバー」
色
HP
130
Bloomレベル
Debut
バトンタッチ
キーワード
後の先を取る！
自分が後攻で最初のターンなら、自分のデッキから、[1stホロメンの〈エリザベス・ローズ・ブラッドフレイム〉と〈Thorn〉]1枚ずつを公開し、手札に加える。そしてデッキをシャッフルする。
アーツ
Onwards and Upwards!　30
イラストレーター名：
加川壱互
カードナンバー：
hBP07-046"
hBP07,hBP07-047,エリザベス・ローズ・ブラッドフレイム,https://hololive-official-cardgame.com/cardlist/?id=1833&%2Fcardlist%2Fcardsearch_ex=&expansion=hBP07&view=image,https://hololive-official-cardgame.com/wp-content/images/cardlist/hBP07/hBP07-047_U.png,2026年03月13日(金),ブースターパック「ディーヴァフィーバー」,イラストレーター名：やもカードナンバー：hBP07-047,0,,"カードタイプ
ホロメン
タグ
#EN
#Justice
#歌
レアリティ
U
収録商品
ブースターパック「ディーヴァフィーバー」
色
HP
120
Bloomレベル
1st
バトンタッチ
キーワード
…Very well.
自分の推しホロメンが〈エリザベス・ローズ・ブラッドフレイム〉なら、自分のデッキの上から1枚をホロパワーにする。
アーツ
さあ、かかってくるといい　50
イラストレーター名：
やも
カードナンバー：
hBP07-047"
hBP07,hBP07-048,エリザベス・ローズ・ブラッドフレイム,https://hololive-official-cardgame.com/cardlist/?id=1834&%2Fcardlist%2Fcardsearch_ex=&expansion=hBP07&view=image,https://hololive-official-cardgame.com/wp-content/images/cardlist/hBP07/hBP07-048_R.png,2026年03月13日(金),ブースターパック「ディーヴァフィーバー」,イラストレーター名：はまなしカードナンバー：hBP07-048,1,"Q: Q hBP07-048〈エリザベス・ローズ・ブラッドフレイム〉のギフト「Queen of Impersonation」の能力で、自分のhSD13-007〈エリザベス・ローズ・ブラッドフレイム〉のアーツ「悪斬りのカデンツァ」を相手の紫ホロメンに使いました。 この場合、アーツ「悪斬りのカデンツァ」が持っている紫特攻＋50は計算されますか？
A: A はい、されます。","カードタイプ
Buzzホロメン
タグ
#EN
#Justice
#歌
レアリティ
R
収録商品
ブースターパック「ディーヴァフィーバー」
色
HP
260
Bloomレベル
1st
バトンタッチ
キーワード
Queen of Impersonation
このホロメンは、自分のステージの#ENを持つホロメン全員のアーツを、すべて使える（アーツを使うためのエールは必要）。
アーツ
Because I love people's voices　60
自分のアーカイブの#ENを持つホロメン1枚を手札に戻す。
エクストラ
このホロメンがダウンした時、自分のライフ-2
イラストレーター名：
はまなし
カードナンバー：
hBP07-048"
hBP07,hBP07-049,エリザベス・ローズ・ブラッドフレイム,https://hololive-official-cardgame.com/cardlist/?id=1835&%2Fcardlist%2Fcardsearch_ex=&expansion=hBP07&view=image,https://hololive-official-cardgame.com/wp-content/images/cardlist/hBP07/hBP07-049_RR.png,2026年03月13日(金),ブースターパック「ディーヴァフィーバー」,イラストレーター名：TOH.カードナンバー：hBP07-049,0,,"カードタイプ
ホロメン
タグ
#EN
#Justice
#歌
レアリティ
RR
収録商品
ブースターパック「ディーヴァフィーバー」
色
HP
210
Bloomレベル
2nd
バトンタッチ
キーワード
絢爛のアインザッツ
[センターポジション・コラボポジション限定]自分のホロメンが相手のホロメンをダウンさせた時、自分のホロメン1人を選ぶ。このターンの間、選んだホロメン1人のアーツに必要な無色-2。
アーツ
不撓のコンチェルタート　130+
自分のライフが4以下なら、このアーツ+30。自分のライフが2以下なら、かわりに、このアーツ+60。
イラストレーター名：
TOH.
カードナンバー：
hBP07-049"
hBP07,hBP07-050,オーロ・クロニー,https://hololive-official-cardgame.com/cardlist/?id=1836&%2Fcardlist%2Fcardsearch_ex=&expansion=hBP07&view=image,https://hololive-official-cardgame.com/wp-content/images/cardlist/hBP07/hBP07-050_C.png,2026年03月13日(金),ブースターパック「ディーヴァフィーバー」,イラストレーター名：Riaカードナンバー：hBP07-050,1,"Q: Q hBP07-050〈オーロ・クロニー〉のコラボエフェクト「この日が来た！」の能力は、この能力内でしかBloomさせることはできませんか？
A: A はい、できません。","カードタイプ
ホロメン
タグ
#EN
#Promise
レアリティ
C
収録商品
ブースターパック「ディーヴァフィーバー」
色
HP
130
Bloomレベル
Debut
バトンタッチ
キーワード
この日が来た！
自分が後攻で最初のターンなら、自分のセンターホロメンの〈オーロ・クロニー〉を、自分の手札の1stホロメンを使ってBloomできる。この能力では最初のターンでもBloomできる。
アーツ
金色のルアー　10
イラストレーター名：
Ria
カードナンバー：
hBP07-050"
hBP07,hBP07-051,オーロ・クロニー,https://hololive-official-cardgame.com/cardlist/?id=1837&%2Fcardlist%2Fcardsearch_ex=&expansion=hBP07&view=image,https://hololive-official-cardgame.com/wp-content/images/cardlist/hBP07/hBP07-051_U.png,2026年03月13日(金),ブースターパック「ディーヴァフィーバー」,イラストレーター名：洋歩カードナンバー：hBP07-051,0,,"カードタイプ
ホロメン
タグ
#EN
#Promise
レアリティ
U
収録商品
ブースターパック「ディーヴァフィーバー」
色
HP
130
Bloomレベル
Debut
バトンタッチ
キーワード
TAKE YOUR TIME
自分のステージのエール1枚をこのホロメン以外の自分の#Promiseを持つホロメンに付け替えられる。
アーツ
Check This Out Yo 🕶️　30
イラストレーター名：
洋歩
カードナンバー：
hBP07-051"
hBP07,hBP07-052,オーロ・クロニー,https://hololive-official-cardgame.com/cardlist/?id=1838&%2Fcardlist%2Fcardsearch_ex=&expansion=hBP07&view=image,https://hololive-official-cardgame.com/wp-content/images/cardlist/hBP07/hBP07-052_C.png,2026年03月13日(金),ブースターパック「ディーヴァフィーバー」,イラストレーター名：ムロマキカードナンバー：hBP07-052,0,,"カードタイプ
ホロメン
タグ
#EN
#Promise
レアリティ
C
収録商品
ブースターパック「ディーヴァフィーバー」
色
HP
160
Bloomレベル
1st
バトンタッチ
キーワード
お時間ですわ！
自分のアーカイブのマスコット1枚をこのホロメンに付けられる。
アーツ
私の新キャッチフレーズ。どうだい？　30+
自分のステージに〈オーロ・クロニー〉以外の#Promiseを持つホロメンがいるなら、このアーツ+10。
イラストレーター名：
ムロマキ
カードナンバー：
hBP07-052"
hBP07,hBP07-053,オーロ・クロニー,https://hololive-official-cardgame.com/cardlist/?id=1839&%2Fcardlist%2Fcardsearch_ex=&expansion=hBP07&view=image,https://hololive-official-cardgame.com/wp-content/images/cardlist/hBP07/hBP07-053_C.png,2026年03月13日(金),ブースターパック「ディーヴァフィーバー」,イラストレーター名：saihateカードナンバー：hBP07-053,0,,"カードタイプ
ホロメン
タグ
#EN
#Promise
レアリティ
C
収録商品
ブースターパック「ディーヴァフィーバー」
色
HP
150
Bloomレベル
1st
バトンタッチ
キーワード
時を超えた約束
自分のステージの#Promiseを持つホロメン1人を選ぶ。このターンの間、選んだホロメンのアーツ+20。
アーツ
Everlasting Flower　50
自分のエールデッキの上から1枚を自分の#Promiseを持つホロメンに送る。
イラストレーター名：
saihate
カードナンバー：
hBP07-053"
hBP07,hBP07-054,オーロ・クロニー,https://hololive-official-cardgame.com/cardlist/?id=1840&%2Fcardlist%2Fcardsearch_ex=&expansion=hBP07&view=image,https://hololive-official-cardgame.com/wp-content/images/cardlist/hBP07/hBP07-054_R.png,2026年03月13日(金),ブースターパック「ディーヴァフィーバー」,イラストレーター名：GULIカードナンバー：hBP07-054,0,,"カードタイプ
Buzzホロメン
タグ
#EN
#Promise
レアリティ
R
収録商品
ブースターパック「ディーヴァフィーバー」
色
HP
250
Bloomレベル
1st
バトンタッチ
アーツ
I'm pretty shy…uwu　50
自分のエールデッキの上から1枚を自分の#Promiseを持つBuzzホロメンに送る。
エクストラ
このホロメンがダウンした時、自分のライフ-2
イラストレーター名：
GULI
カードナンバー：
hBP07-054"
hBP07,hBP07-055,オーロ・クロニー,https://hololive-official-cardgame.com/cardlist/?id=1841&%2Fcardlist%2Fcardsearch_ex=&expansion=hBP07&view=image,https://hololive-official-cardgame.com/wp-content/images/cardlist/hBP07/hBP07-055_U.png,2026年03月13日(金),ブースターパック「ディーヴァフィーバー」,イラストレーター名：玲汰カードナンバー：hBP07-055,0,,"カードタイプ
ホロメン
タグ
#EN
#Promise
レアリティ
U
収録商品
ブースターパック「ディーヴァフィーバー」
色
HP
190
Bloomレベル
2nd
バトンタッチ
キーワード
約束の未来へ
自分のステージの#Promiseを持つホロメン1人を選ぶ。このターンの間、選んだホロメンのアーツ+50。
アーツ
Life Goes On　90
イラストレーター名：
玲汰
カードナンバー：
hBP07-055"
hBP07,hBP07-056,オーロ・クロニー,https://hololive-official-cardgame.com/cardlist/?id=1842&%2Fcardlist%2Fcardsearch_ex=&expansion=hBP07&view=image,https://hololive-official-cardgame.com/wp-content/images/cardlist/hBP07/hBP07-056_RR.png,2026年03月13日(金),ブースターパック「ディーヴァフィーバー」,イラストレーター名：Wan1カードナンバー：hBP07-056,1,"Q: Q hBP07-056〈オーロ・クロニー〉のギフト「時界を統べし者」の能力で、このカードを他の〈オーロ・クロニー〉にBloomさせることはできますか？
A: A いいえ、できません。","カードタイプ
ホロメン
タグ
#EN
#Promise
レアリティ
RR
収録商品
ブースターパック「ディーヴァフィーバー」
色
HP
200
Bloomレベル
2nd
バトンタッチ
キーワード
時界を統べし者
[センターポジション限定]自分のパフォーマンスステップが開始する時、このホロメン以外の自分の〈オーロ・クロニー〉1人を、このホロメンに重なっているホロメンを使ってBloomできる。
アーツ
You're not ready for me.　80+
このホロメンのエール1枚を自分の他の#Promiseを持つホロメンに付け替えられる。その後、自分の推しホロメンが〈オーロ・クロニー〉なら、このアーツ+100。
イラストレーター名：
Wan1
カードナンバー：
hBP07-056"
hBP07,hBP07-057,猫又おかゆ,https://hololive-official-cardgame.com/cardlist/?id=1843&%2Fcardlist%2Fcardsearch_ex=&expansion=hBP07&view=image,https://hololive-official-cardgame.com/wp-content/images/cardlist/hBP07/hBP07-057_R.png,2026年03月13日(金),ブースターパック「ディーヴァフィーバー」,イラストレーター名：バシコウカードナンバー：hBP07-057,0,,"カードタイプ
ホロメン
タグ
#JP
#ゲーマーズ
#ケモミミ
レアリティ
R
収録商品
ブースターパック「ディーヴァフィーバー」
色
HP
200
Bloomレベル
2nd
バトンタッチ
キーワード
君と遊ぶとドキドキしちゃう…
相手のホロメン1人に特殊ダメージ30を与える。
アーツ
おりゃー！！油断したでしょ～　100
自分の推しホロメンが〈猫又おかゆ〉で、相手のHPが100以上減っているバックホロメンがいるなら、相手のホロメン1人に特殊ダメージ50を与える。
イラストレーター名：
バシコウ
カードナンバー：
hBP07-057"
hBP07,hBP07-058,こぼ・かなえる,https://hololive-official-cardgame.com/cardlist/?id=1844&%2Fcardlist%2Fcardsearch_ex=&expansion=hBP07&view=image,https://hololive-official-cardgame.com/wp-content/images/cardlist/hBP07/hBP07-058_R.png,2026年03月13日(金),ブースターパック「ディーヴァフィーバー」,イラストレーター名：のり恋カードナンバー：hBP07-058,0,,"カードタイプ
ホロメン
タグ
#ID
#ID3期生
レアリティ
R
収録商品
ブースターパック「ディーヴァフィーバー」
色
HP
160
Bloomレベル
1st
バトンタッチ
キーワード
Happy For You
自分のエールデッキから、自分のステージの#ID3期生を持つホロメン1人と同色のエール1枚を公開し、自分のホロメンに送る。そしてエールデッキをシャッフルする。
アーツ
MANTAP LEE!!　60
相手のHPが減っているバックホロメンが3人以上いるなら、自分のデッキを2枚引く。
イラストレーター名：
のり恋
カードナンバー：
hBP07-058"
hBP07,hBP07-059,シオリ・ノヴェラ,https://hololive-official-cardgame.com/cardlist/?id=1845&%2Fcardlist%2Fcardsearch_ex=&expansion=hBP07&view=image,https://hololive-official-cardgame.com/wp-content/images/cardlist/hBP07/hBP07-059_C.png,2026年03月13日(金),ブースターパック「ディーヴァフィーバー」,イラストレーター名：やもカードナンバー：hBP07-059,0,,"カードタイプ
ホロメン
タグ
#EN
#Advent
レアリティ
C
収録商品
ブースターパック「ディーヴァフィーバー」
色
HP
120
Bloomレベル
Debut
バトンタッチ
キーワード
It's Time to Play Dress-up!
自分が後攻で最初のターンなら、自分のアーカイブのサポートカード1枚を手札に戻す。
アーツ
A Cozy, Spooky Night Together　10
相手のホロメン1人に特殊ダメージ10を与える。
イラストレーター名：
やも
カードナンバー：
hBP07-059"
hBP07,hBP07-060,シオリ・ノヴェラ,https://hololive-official-cardgame.com/cardlist/?id=1846&%2Fcardlist%2Fcardsearch_ex=&expansion=hBP07&view=image,https://hololive-official-cardgame.com/wp-content/images/cardlist/hBP07/hBP07-060_U.png,2026年03月13日(金),ブースターパック「ディーヴァフィーバー」,イラストレーター名：ちひろ綺華カードナンバー：hBP07-060,0,,"カードタイプ
ホロメン
タグ
#EN
#Advent
レアリティ
U
収録商品
ブースターパック「ディーヴァフィーバー」
色
HP
190
Bloomレベル
1st
バトンタッチ
アーツ
食料解剖　10
アーツ
Don't Let Her Cook!　50
このアーツは、自分のアーカイブにサポートカードが4枚以上なければ使えない。
イラストレーター名：
ちひろ綺華
カードナンバー：
hBP07-060"
hBP07,hBP07-061,シオリ・ノヴェラ,https://hololive-official-cardgame.com/cardlist/?id=1847&%2Fcardlist%2Fcardsearch_ex=&expansion=hBP07&view=image,https://hololive-official-cardgame.com/wp-content/images/cardlist/hBP07/hBP07-061_R.png,2026年03月13日(金),ブースターパック「ディーヴァフィーバー」,イラストレーター名：EEJUカードナンバー：hBP07-061,0,,"カードタイプ
ホロメン
タグ
#EN
#Advent
レアリティ
R
収録商品
ブースターパック「ディーヴァフィーバー」
色
HP
140
Bloomレベル
1st
バトンタッチ
キーワード
A New Chapter Begins!
自分の推しホロメンが〈シオリ・ノヴェラ〉なら、自分のデッキの上から4枚を見る。その中から、サポートカード1枚を公開し、手札に加える。そして残ったカードを好きな順でデッキの下に戻す。
アーツ
逃がす訳がないでしょう？　20
相手のバックホロメン1人に特殊ダメージ20を与える。
イラストレーター名：
EEJU
カードナンバー：
hBP07-061"
hBP07,hBP07-062,シオリ・ノヴェラ,https://hololive-official-cardgame.com/cardlist/?id=1848&%2Fcardlist%2Fcardsearch_ex=&expansion=hBP07&view=image,https://hololive-official-cardgame.com/wp-content/images/cardlist/hBP07/hBP07-062_RR.png,2026年03月13日(金),ブースターパック「ディーヴァフィーバー」,イラストレーター名：那桜カードナンバー：hBP07-062,0,,"カードタイプ
ホロメン
タグ
#EN
#Advent
レアリティ
RR
収録商品
ブースターパック「ディーヴァフィーバー」
色
HP
200
Bloomレベル
2nd
バトンタッチ
キーワード
A New Crime & A New Me
自分の手札のサポートカード2枚をアーカイブできる：自分のステージのホロメン1人を選ぶ。このターンの間、選んだホロメンのアーツ+50。
アーツ
解き放たれた禁断の知識　60+
自分のアーカイブのエール1枚を自分の#Adventを持つホロメンに送る。その後、自分の推しホロメンが〈シオリ・ノヴェラ〉で、このホロメンにエールが4枚以上付いているなら、このアーツ+100。
イラストレーター名：
那桜
カードナンバー：
hBP07-062"
hBP07,hBP07-063,AZKi,https://hololive-official-cardgame.com/cardlist/?id=1849&%2Fcardlist%2Fcardsearch_ex=&expansion=hBP07&view=image,https://hololive-official-cardgame.com/wp-content/images/cardlist/hBP07/hBP07-063_C.png,2026年03月13日(金),ブースターパック「ディーヴァフィーバー」,イラストレーター名：LINOカードナンバー：hBP07-063,0,,"カードタイプ
ホロメン
タグ
#JP
#0期生
#歌
レアリティ
C
収録商品
ブースターパック「ディーヴァフィーバー」
色
HP
120
Bloomレベル
Debut
バトンタッチ
キーワード
ドキドキ夜キャンプ…
自分が後攻で最初のターンで、自分の推しホロメンが〈AZKi〉なら、相手のステージのエール1枚をエールデッキの下に戻す。
アーツ
君とぴったり密着空間　30
イラストレーター名：
LINO
カードナンバー：
hBP07-063"
hBP07,hBP07-064,AZKi,https://hololive-official-cardgame.com/cardlist/?id=1850&%2Fcardlist%2Fcardsearch_ex=&expansion=hBP07&view=image,https://hololive-official-cardgame.com/wp-content/images/cardlist/hBP07/hBP07-064_U.png,2026年03月13日(金),ブースターパック「ディーヴァフィーバー」,イラストレーター名：ぱとりカードナンバー：hBP07-064,0,,"カードタイプ
ホロメン
タグ
#JP
#0期生
#歌
レアリティ
U
収録商品
ブースターパック「ディーヴァフィーバー」
色
HP
130
Bloomレベル
Debut
バトンタッチ
アーツ
ゆっくりしにおいで♡　20
自分のデッキから、〈開拓者〉1枚を公開し、自分の〈AZKi〉に付ける。そしてデッキをシャッフルする。
イラストレーター名：
ぱとり
カードナンバー：
hBP07-064"
hBP07,hBP07-065,AZKi,https://hololive-official-cardgame.com/cardlist/?id=1851&%2Fcardlist%2Fcardsearch_ex=&expansion=hBP07&view=image,https://hololive-official-cardgame.com/wp-content/images/cardlist/hBP07/hBP07-065_C.png,2026年03月13日(金),ブースターパック「ディーヴァフィーバー」,イラストレーター名：ekaoカードナンバー：hBP07-065,0,,"カードタイプ
ホロメン
タグ
#JP
#0期生
#歌
レアリティ
C
収録商品
ブースターパック「ディーヴァフィーバー」
色
HP
190
Bloomレベル
1st
バトンタッチ
アーツ
盛り上がっていこう！　30
自分のデッキを1枚引いた後、手札1枚をアーカイブする。
アーツ
みんなの声聞かせてええええええ！！！　120
イラストレーター名：
ekao
カードナンバー：
hBP07-065"
hBP07,hBP07-066,AZKi,https://hololive-official-cardgame.com/cardlist/?id=1852&%2Fcardlist%2Fcardsearch_ex=&expansion=hBP07&view=image,https://hololive-official-cardgame.com/wp-content/images/cardlist/hBP07/hBP07-066_C.png,2026年03月13日(金),ブースターパック「ディーヴァフィーバー」,イラストレーター名：古弥月カードナンバー：hBP07-066,0,,"カードタイプ
ホロメン
タグ
#JP
#0期生
#歌
レアリティ
C
収録商品
ブースターパック「ディーヴァフィーバー」
色
HP
170
Bloomレベル
1st
バトンタッチ
キーワード
仮想世界の伴走する歌姫
自分のホロメン1人のHP30回復。その後、自分のステージのホロメン1人を選ぶ。このターンの間、選んだホロメンのアーツ+10。
アーツ
音楽と歌うことが大好き！　40
イラストレーター名：
古弥月
カードナンバー：
hBP07-066"
hBP07,hBP07-067,AZKi,https://hololive-official-cardgame.com/cardlist/?id=1853&%2Fcardlist%2Fcardsearch_ex=&expansion=hBP07&view=image,https://hololive-official-cardgame.com/wp-content/images/cardlist/hBP07/hBP07-067_R.png,2026年03月13日(金),ブースターパック「ディーヴァフィーバー」,イラストレーター名：絢芽カードナンバー：hBP07-067,0,,"カードタイプ
ホロメン
タグ
#JP
#0期生
#歌
レアリティ
R
収録商品
ブースターパック「ディーヴァフィーバー」
色
HP
150
Bloomレベル
1st
バトンタッチ
キーワード
ROMANTiC NiGHT
自分のデッキの上から4枚を見る。その中から、〈AZKi〉1枚を公開し、手札に加える。そして残ったカードを好きな順でデッキの下に戻す。
アーツ
君と二人きりの夜　40
自分の手札1枚をアーカイブできる：相手のセンターホロメンかコラボホロメンに特殊ダメージ20を与える。
イラストレーター名：
絢芽
カードナンバー：
hBP07-067"
hBP07,hBP07-068,AZKi,https://hololive-official-cardgame.com/cardlist/?id=1854&%2Fcardlist%2Fcardsearch_ex=&expansion=hBP07&view=image,https://hololive-official-cardgame.com/wp-content/images/cardlist/hBP07/hBP07-068_U.png,2026年03月13日(金),ブースターパック「ディーヴァフィーバー」,イラストレーター名：のずみカードナンバー：hBP07-068,1,"Q: Q 自分のhSD01-013〈SorAZ〉が1人いる時、hBP07-068〈AZKi〉がコラボしました。 この場合、コラボエフェクト「共に歩んできた軌跡」の能力で、hSD01-013〈SorAZ〉を〈ときのそら〉、〈SorAZ〉の2人分として数えることはできますか？
A: A いいえ、できません。","カードタイプ
ホロメン
タグ
#JP
#0期生
#歌
レアリティ
U
収録商品
ブースターパック「ディーヴァフィーバー」
色
HP
210
Bloomレベル
2nd
バトンタッチ
キーワード
共に歩んできた軌跡
このターンの間、自分のステージの異なるカード名の#0期生を持つホロメン1人につき、このホロメンのアーツ+20。
アーツ
ホワイトデーのお返し、待ってるね　100
イラストレーター名：
のずみ
カードナンバー：
hBP07-068"
hBP07,hBP07-069,AZKi,https://hololive-official-cardgame.com/cardlist/?id=1855&%2Fcardlist%2Fcardsearch_ex=&expansion=hBP07&view=image,https://hololive-official-cardgame.com/wp-content/images/cardlist/hBP07/hBP07-069_RR.png,2026年03月13日(金),ブースターパック「ディーヴァフィーバー」,イラストレーター名：竹花ノートカードナンバー：hBP07-069,1,"Q: Q 自分のアーカイブにhBP07-100〈フロンティアスピリット〉が3枚ある時、hBP07-069〈AZKi〉のアーツ「紡いだ軌跡 すべてに捧ぐ歌」の能力でホロパワーを4枚アーカイブしました。 その中にhBP07-100〈フロンティアスピリット〉がある場合、相手のライフを−1することはできますか？
A: A はい、できます。","カードタイプ
ホロメン
タグ
#JP
#0期生
#歌
レアリティ
RR
収録商品
ブースターパック「ディーヴァフィーバー」
色
HP
220
Bloomレベル
2nd
バトンタッチ
アーツ
君と新たな開拓の地へ　140
自分のデッキを2枚引く。
アーツ
紡いだ軌跡 すべてに捧ぐ歌　200
自分の推しホロメンが〈AZKi〉なら、自分のホロパワーの上から4枚をアーカイブできる：自分のアーカイブに〈フロンティアスピリット〉が4枚あるなら、相手のライフ-1。
イラストレーター名：
竹花ノート
カードナンバー：
hBP07-069"
hBP07,hBP07-070,癒月ちょこ,https://hololive-official-cardgame.com/cardlist/?id=1856&%2Fcardlist%2Fcardsearch_ex=&expansion=hBP07&view=image,https://hololive-official-cardgame.com/wp-content/images/cardlist/hBP07/hBP07-070_R.png,2026年03月13日(金),ブースターパック「ディーヴァフィーバー」,イラストレーター名：Nardackカードナンバー：hBP07-070,0,,"カードタイプ
ホロメン
タグ
#JP
#2期生
#料理
レアリティ
R
収録商品
ブースターパック「ディーヴァフィーバー」
色
HP
150
Bloomレベル
1st
バトンタッチ
キーワード
今日のご飯、何がいーい？
自分のデッキの上から3枚を見る。その中から、#料理を持つホロメン1枚を公開し、手札に加える。そして残ったカードを好きな順でデッキの下に戻す。
アーツ
がんばって美味しいの作るね♡　30
自分の#料理を持つホロメンを1人選ぶ。このターンに自分が使っていた#食べ物を持つイベント1枚につき、このターンの間、選んだホロメンのアーツに必要な無色-1。
イラストレーター名：
Nardack
カードナンバー：
hBP07-070"
hBP07,hBP07-071,ラプラス・ダークネス,https://hololive-official-cardgame.com/cardlist/?id=1857&%2Fcardlist%2Fcardsearch_ex=&expansion=hBP07&view=image,https://hololive-official-cardgame.com/wp-content/images/cardlist/hBP07/hBP07-071_C.png,2026年03月13日(金),ブースターパック「ディーヴァフィーバー」,イラストレーター名：ひとみゃんカードナンバー：hBP07-071,0,,"カードタイプ
ホロメン
タグ
#JP
#秘密結社holoX
#シューター
レアリティ
C
収録商品
ブースターパック「ディーヴァフィーバー」
色
HP
120
Bloomレベル
Debut
バトンタッチ
キーワード
おい、お前
自分のデッキの上から5枚を見る。その中から、Debutの紫ホロメン1枚を公開し、手札に加える。そして残ったカードを好きな順でデッキの下に戻す。
アーツ
手作りの朝ごはんを要求する　30
イラストレーター名：
ひとみゃん
カードナンバー：
hBP07-071"
hBP07,hBP07-072,ラプラス・ダークネス,https://hololive-official-cardgame.com/cardlist/?id=1858&%2Fcardlist%2Fcardsearch_ex=&expansion=hBP07&view=image,https://hololive-official-cardgame.com/wp-content/images/cardlist/hBP07/hBP07-072_U.png,2026年03月13日(金),ブースターパック「ディーヴァフィーバー」,イラストレーター名：墓無カードナンバー：hBP07-072,0,,"カードタイプ
ホロメン
タグ
#JP
#秘密結社holoX
#シューター
レアリティ
U
収録商品
ブースターパック「ディーヴァフィーバー」
色
HP
150
Bloomレベル
1st
バトンタッチ
キーワード
Secret Love -La+-
自分のステージの#秘密結社holoXを持つホロメン1人を選び、サイコロを3回振る。このターンの間、この能力で奇数が出た回数1回につき、選んだホロメンのアーツ+10。
アーツ
吾輩との秘密だぞ　60
イラストレーター名：
墓無
カードナンバー：
hBP07-072"
hBP07,hBP07-073,ラプラス・ダークネス,https://hololive-official-cardgame.com/cardlist/?id=1859&%2Fcardlist%2Fcardsearch_ex=&expansion=hBP07&view=image,https://hololive-official-cardgame.com/wp-content/images/cardlist/hBP07/hBP07-073_R.png,2026年03月13日(金),ブースターパック「ディーヴァフィーバー」,イラストレーター名：ミュシャカードナンバー：hBP07-073,0,,"カードタイプ
ホロメン
タグ
#JP
#秘密結社holoX
#シューター
#歌
レアリティ
R
収録商品
ブースターパック「ディーヴァフィーバー」
色
HP
170
Bloomレベル
1st
バトンタッチ
キーワード
ライブだー！！！！！！！！！
このターンの間、このホロメンのアーツに必要な無色-2。
アーツ
吾輩の歌聴いてくれる奴いるううう！？！？　30
自分のデッキから、〈ラプラス・ダークネス〉1枚を公開し、手札に加える。そしてデッキをシャッフルする。
イラストレーター名：
ミュシャ
カードナンバー：
hBP07-073"
hBP07,hBP07-074,ラプラス・ダークネス,https://hololive-official-cardgame.com/cardlist/?id=1860&%2Fcardlist%2Fcardsearch_ex=&expansion=hBP07&view=image,https://hololive-official-cardgame.com/wp-content/images/cardlist/hBP07/hBP07-074_RR.png,2026年03月13日(金),ブースターパック「ディーヴァフィーバー」,イラストレーター名：green322カードナンバー：hBP07-074,0,,"カードタイプ
ホロメン
タグ
#JP
#秘密結社holoX
#シューター
#歌
レアリティ
RR
収録商品
ブースターパック「ディーヴァフィーバー」
色
HP
200
Bloomレベル
2nd
バトンタッチ
キーワード
ラッシュ行きます
自分のデッキの上から3枚を見る。その中から、ホロメンを好きな枚数公開し、公開したホロメンを手札に加える。そして残ったカードを好きな順でデッキの下に戻す。
アーツ
吾輩の歌を聴けえええええええ！！！！　110+
自分のセンターホロメンの色が紫なら、このアーツ+40。
イラストレーター名：
green322
カードナンバー：
hBP07-074"
hBP07,hBP07-075,古石ビジュー,https://hololive-official-cardgame.com/cardlist/?id=1861&%2Fcardlist%2Fcardsearch_ex=&expansion=hBP07&view=image,https://hololive-official-cardgame.com/wp-content/images/cardlist/hBP07/hBP07-075_R.png,2026年03月13日(金),ブースターパック「ディーヴァフィーバー」,イラストレーター名：北田 藻カードナンバー：hBP07-075,1,"Q: Q hBP07-075〈古石ビジュー〉のギフト「闇夜のハンター」の「アーツの対象が自分のアーカイブのエールと同色の相手のホロメンなら」とは、どういう意味ですか？
A: A アーツの対象が自分のアーカイブにあるエールのいずれかの色と同色である場合を指します。 例として、白エールがあれば白ホロメン、緑エールがあれば緑ホロメンがアーツの対象であれば、このギフトの能力が発揮されます。","カードタイプ
ホロメン
タグ
#EN
#Advent
#ベイビー
レアリティ
R
収録商品
ブースターパック「ディーヴァフィーバー」
色
HP
200
Bloomレベル
2nd
バトンタッチ
キーワード
闇夜のハンター
このホロメンのアーツの対象が自分のアーカイブのエールと同色の相手のホロメンなら、このホロメンのアーツダメージは軽減されない。
アーツ
CODE:81800　70+
このホロメンにエールが3枚以上付いているなら、お互いのアーカイブのエール1枚につき、このアーツ+10。
イラストレーター名：
北田 藻
カードナンバー：
hBP07-075"
hBP07,hBP07-076,ネリッサ・レイヴンクロフト,https://hololive-official-cardgame.com/cardlist/?id=1862&%2Fcardlist%2Fcardsearch_ex=&expansion=hBP07&view=image,https://hololive-official-cardgame.com/wp-content/images/cardlist/hBP07/hBP07-076_R.png,2026年03月13日(金),ブースターパック「ディーヴァフィーバー」,イラストレーター名：Nardackカードナンバー：hBP07-076,0,,"カードタイプ
Buzzホロメン
タグ
#EN
#Advent
#歌
#トリ
レアリティ
R
収録商品
ブースターパック「ディーヴァフィーバー」
色
HP
260
Bloomレベル
1st
バトンタッチ
キーワード
SUGOISUGOIDEKAI
自分の推しホロメンが〈ネリッサ・レイヴンクロフト〉なら、自分のデッキを1枚引き、自分の手札1枚をホロパワーにする。
アーツ
あら、捕まえられちゃった！　50+
自分のホロパワー1枚をアーカイブできる：このアーツ+30。
エクストラ
このホロメンがダウンした時、自分のライフ-2
イラストレーター名：
Nardack
カードナンバー：
hBP07-076"
hBP07,hBP07-077,桃鈴ねね,https://hololive-official-cardgame.com/cardlist/?id=1863&%2Fcardlist%2Fcardsearch_ex=&expansion=hBP07&view=image,https://hololive-official-cardgame.com/wp-content/images/cardlist/hBP07/hBP07-077_C.png,2026年03月13日(金),ブースターパック「ディーヴァフィーバー」,イラストレーター名：西沢5㍉カードナンバー：hBP07-077,0,,"カードタイプ
ホロメン
タグ
#JP
#5期生
#歌
#絵
レアリティ
C
収録商品
ブースターパック「ディーヴァフィーバー」
色
HP
130
Bloomレベル
Debut
バトンタッチ
キーワード
あぱぱ
自分が後攻で最初のターンなら、自分のデッキから、#5期生を持つ2ndホロメン1枚を公開し、手札に加える。そしてデッキをシャッフルする。
アーツ
ねね、酔っちゃった～　10
イラストレーター名：
西沢5㍉
カードナンバー：
hBP07-077"
hBP07,hBP07-078,桃鈴ねね,https://hololive-official-cardgame.com/cardlist/?id=1864&%2Fcardlist%2Fcardsearch_ex=&expansion=hBP07&view=image,https://hololive-official-cardgame.com/wp-content/images/cardlist/hBP07/hBP07-078_U.png,2026年03月13日(金),ブースターパック「ディーヴァフィーバー」,イラストレーター名：朝日川日和カードナンバー：hBP07-078,0,,"カードタイプ
ホロメン
タグ
#JP
#5期生
#歌
#絵
レアリティ
U
収録商品
ブースターパック「ディーヴァフィーバー」
色
HP
110
Bloomレベル
Debut
バトンタッチ
キーワード
君もこっちにおいで～！
自分のデッキの上から5枚を見る。その中から、〈ねっ子〉1枚を公開し、手札に加える。そして残ったカードを好きな順でデッキの下に戻す。
アーツ
ねねと一緒に楽しもう！！　20
イラストレーター名：
朝日川日和
カードナンバー：
hBP07-078"
hBP07,hBP07-079,桃鈴ねね,https://hololive-official-cardgame.com/cardlist/?id=1865&%2Fcardlist%2Fcardsearch_ex=&expansion=hBP07&view=image,https://hololive-official-cardgame.com/wp-content/images/cardlist/hBP07/hBP07-079_C.png,2026年03月13日(金),ブースターパック「ディーヴァフィーバー」,イラストレーター名：西沢5㍉カードナンバー：hBP07-079,0,,"カードタイプ
ホロメン
タグ
#JP
#5期生
#歌
#絵
レアリティ
C
収録商品
ブースターパック「ディーヴァフィーバー」
色
HP
150
Bloomレベル
1st
バトンタッチ
キーワード
ねねちライブスタート！
自分のアーカイブのエール1枚をこのホロメンに送れる。
アーツ
ご自由にお使いください！　30
自分のデッキから、〈やめなー〉1枚を公開し、自分のホロメンに付ける。そしてデッキをシャッフルする。
イラストレーター名：
西沢5㍉
カードナンバー：
hBP07-079"
hBP07,hBP07-080,桃鈴ねね,https://hololive-official-cardgame.com/cardlist/?id=1866&%2Fcardlist%2Fcardsearch_ex=&expansion=hBP07&view=image,https://hololive-official-cardgame.com/wp-content/images/cardlist/hBP07/hBP07-080_C.png,2026年03月13日(金),ブースターパック「ディーヴァフィーバー」,イラストレーター名：成田タメゾウカードナンバー：hBP07-080,0,,"カードタイプ
ホロメン
タグ
#JP
#5期生
#歌
#絵
レアリティ
C
収録商品
ブースターパック「ディーヴァフィーバー」
色
HP
140
Bloomレベル
1st
バトンタッチ
キーワード
オレンジアイドル！
[ターンに1回]自分の推しホロメンが〈桃鈴ねね〉なら、自分のメインステップに使える：自分のアーカイブの〈ねっ子〉1枚をこのホロメンに付ける。
アーツ
さいくーにくぅわいい　40
イラストレーター名：
成田タメゾウ
カードナンバー：
hBP07-080"
hBP07,hBP07-081,桃鈴ねね,https://hololive-official-cardgame.com/cardlist/?id=1867&%2Fcardlist%2Fcardsearch_ex=&expansion=hBP07&view=image,https://hololive-official-cardgame.com/wp-content/images/cardlist/hBP07/hBP07-081_R.png,2026年03月13日(金),ブースターパック「ディーヴァフィーバー」,イラストレーター名：兎未枝カードナンバー：hBP07-081,0,,"カードタイプ
ホロメン
タグ
#JP
#5期生
#歌
#絵
レアリティ
R
収録商品
ブースターパック「ディーヴァフィーバー」
色
HP
180
Bloomレベル
1st
バトンタッチ
キーワード
桃鈴ねねは昆虫博士になる！
自分のホロパワーが4枚以上で、相手のコラボホロメンがいないなら、相手は、自身のバックホロメン1人をコラボポジションに移動させる（移動はコラボとしては扱わない）。
アーツ
君のハートをブルロック！　30
このホロメンに〈ギラファノコギリクワガタ〉が付いているなら、このアーツダメージは、アーツの対象のホロメンのかわりに、相手のセンターホロメンとコラボホロメンに与える。
イラストレーター名：
兎未枝
カードナンバー：
hBP07-081"
hBP07,hBP07-082,桃鈴ねね,https://hololive-official-cardgame.com/cardlist/?id=1868&%2Fcardlist%2Fcardsearch_ex=&expansion=hBP07&view=image,https://hololive-official-cardgame.com/wp-content/images/cardlist/hBP07/hBP07-082_U.png,2026年03月13日(金),ブースターパック「ディーヴァフィーバー」,イラストレーター名：すなれカードナンバー：hBP07-082,0,,"カードタイプ
ホロメン
タグ
#JP
#5期生
#歌
#絵
レアリティ
U
収録商品
ブースターパック「ディーヴァフィーバー」
色
HP
200
Bloomレベル
2nd
バトンタッチ
キーワード
ねぽらぼが最強です！！！！！！！！！！！！！
自分のデッキから、#5期生を持つ2ndホロメン1枚を公開し、手札に加える。そしてデッキをシャッフルする。
アーツ
アチョ～～～！　50
イラストレーター名：
すなれ
カードナンバー：
hBP07-082"
hBP07,hBP07-083,桃鈴ねね,https://hololive-official-cardgame.com/cardlist/?id=1869&%2Fcardlist%2Fcardsearch_ex=&expansion=hBP07&view=image,https://hololive-official-cardgame.com/wp-content/images/cardlist/hBP07/hBP07-083_RR.png,2026年03月13日(金),ブースターパック「ディーヴァフィーバー」,イラストレーター名：May.Lカードナンバー：hBP07-083,0,,"カードタイプ
ホロメン
タグ
#JP
#5期生
#歌
#絵
レアリティ
RR
収録商品
ブースターパック「ディーヴァフィーバー」
色
HP
200
Bloomレベル
2nd
バトンタッチ
キーワード
みんなのエナジードリンク
[センターポジション限定]次の相手のターン終了時まで、お互いのステージのホロメン全員のアーツ+40。さらに、自分のステージの2ndホロメンの〈桃鈴ねね〉全員のアーツ+60。
アーツ
オーバーチアリーディング　100
相手の[センターホロメンかコラボホロメン]のエール1枚をエールデッキの下に戻す。
イラストレーター名：
May.L
カードナンバー：
hBP07-083"
hBP07,hBP07-084,夏色まつり,https://hololive-official-cardgame.com/cardlist/?id=1870&%2Fcardlist%2Fcardsearch_ex=&expansion=hBP07&view=image,https://hololive-official-cardgame.com/wp-content/images/cardlist/hBP07/hBP07-084_R.png,2026年03月13日(金),ブースターパック「ディーヴァフィーバー」,イラストレーター名：ななカードナンバー：hBP07-084,1,"Q: Q hBP07-084〈夏色まつり〉のギフト「一緒にゲームしよ」の能力で自分のアーカイブのLIMITEDのサポートカードをデッキの下に戻した場合、重なっているホロメンすべてを戻すことはできますか？
A: A いいえ、できません。 このカードのみを手札に戻し、他のカードは通常のダウン処理を行います。","カードタイプ
ホロメン
タグ
#JP
#1期生
#シューター
レアリティ
R
収録商品
ブースターパック「ディーヴァフィーバー」
色
HP
210
Bloomレベル
2nd
バトンタッチ
キーワード
一緒にゲームしよ
相手のターンで、このホロメンがダウンした時、自分のアーカイブのLIMITEDのサポートカード1枚をデッキの下に戻せる。戻したなら、このホロメンをアーカイブするかわりに手札に戻す。
アーツ
やっぱり、FPSとか？　90
自分のアーカイブのエール1枚を自分のホロメンに送る。
イラストレーター名：
なな
カードナンバー：
hBP07-084"
hBP07,hBP07-085,不知火フレア,https://hololive-official-cardgame.com/cardlist/?id=1871&%2Fcardlist%2Fcardsearch_ex=&expansion=hBP07&view=image,https://hololive-official-cardgame.com/wp-content/images/cardlist/hBP07/hBP07-085_R.png,2026年03月13日(金),ブースターパック「ディーヴァフィーバー」,イラストレーター名：宮谷里沙カードナンバー：hBP07-085,0,,"カードタイプ
ホロメン
タグ
#JP
#3期生
#ハーフエルフ
レアリティ
R
収録商品
ブースターパック「ディーヴァフィーバー」
色
HP
170
Bloomレベル
1st
バトンタッチ
キーワード
私のとっておき！
自分のターンで、このホロメンがコラボポジションに移動した時、自分のデッキの上から3枚を見る。その中から、〈不知火フレア〉1枚を公開し、手札に加える。そして残ったカードをアーカイブする。
アーツ
元気いっぱいカラフルパフェ　20+
自分の推しホロメンが〈不知火フレア〉なら、自分の〈不知火フレア〉1人を選ぶ。このターンの間、選んだホロメンのエール1枚につき、選んだホロメンのアーツ+20。
イラストレーター名：
宮谷里沙
カードナンバー：
hBP07-085"
hBP07,hBP07-086,ジジ・ムリン,https://hololive-official-cardgame.com/cardlist/?id=1872&%2Fcardlist%2Fcardsearch_ex=&expansion=hBP07&view=image,https://hololive-official-cardgame.com/wp-content/images/cardlist/hBP07/hBP07-086_R.png,2026年03月13日(金),ブースターパック「ディーヴァフィーバー」,イラストレーター名：ふじさわ犬一カードナンバー：hBP07-086,1,"Q: Q hBP07-086〈ジジ・ムリン〉のコラボエフェクト「執念のチェイサー」の能力は、相手のセンターホロメンやコラボホロメンが不在でも、バックホロメンを選んでアーツを使うことができますか？
A: A はい、できます。","カードタイプ
ホロメン
タグ
#EN
#Justice
レアリティ
R
収録商品
ブースターパック「ディーヴァフィーバー」
色
HP
210
Bloomレベル
2nd
バトンタッチ
キーワード
執念のチェイサー
自分の〈ジジ・ムリン〉1人を選ぶ。このターンの間、選んだホロメンのアーツは、相手のHPが減っているバックホロメンも対象にできる。
アーツ
追撃のライオット　160+
このアーツの対象が、相手のHPが減っているホロメンなら、このアーツ+30。
イラストレーター名：
ふじさわ犬一
カードナンバー：
hBP07-086"
hBP07,hBP07-087,虎金妃笑虎,https://hololive-official-cardgame.com/cardlist/?id=1873&%2Fcardlist%2Fcardsearch_ex=&expansion=hBP07&view=image,https://hololive-official-cardgame.com/wp-content/images/cardlist/hBP07/hBP07-087_C.png,2026年03月13日(金),ブースターパック「ディーヴァフィーバー」,イラストレーター名：やもカードナンバー：hBP07-087,0,,"カードタイプ
ホロメン
タグ
#DEV_IS
#FLOW GLOW
レアリティ
C
収録商品
ブースターパック「ディーヴァフィーバー」
色
HP
120
Bloomレベル
Debut
バトンタッチ
キーワード
ニコたん出動！
自分が後攻で最初のターンなら、自分のエールデッキの上から2枚をアーカイブできる：自分のステージの#FLOW GLOWを持つホロメン1人を選ぶ。このターンの間、選んだホロメンのアーツ+20。
アーツ
現行犯逮捕だ　20
イラストレーター名：
やも
カードナンバー：
hBP07-087"
hBP07,hBP07-088,虎金妃笑虎,https://hololive-official-cardgame.com/cardlist/?id=1874&%2Fcardlist%2Fcardsearch_ex=&expansion=hBP07&view=image,https://hololive-official-cardgame.com/wp-content/images/cardlist/hBP07/hBP07-088_U.png,2026年03月13日(金),ブースターパック「ディーヴァフィーバー」,イラストレーター名：藤巳カードナンバー：hBP07-088,0,,"カードタイプ
ホロメン
タグ
#DEV_IS
#FLOW GLOW
レアリティ
U
収録商品
ブースターパック「ディーヴァフィーバー」
色
HP
160
Bloomレベル
1st
バトンタッチ
キーワード
虎の威
自分のバックポジションの#FLOW GLOWを持つ1stホロメン全員は相手から特殊ダメージを受けない。
アーツ
みんなが居るから幸せだ！　50+
このターンに自分のステージのエールがアーカイブされていたなら、このアーツ+30。
イラストレーター名：
藤巳
カードナンバー：
hBP07-088"
hBP07,hBP07-089,虎金妃笑虎,https://hololive-official-cardgame.com/cardlist/?id=1875&%2Fcardlist%2Fcardsearch_ex=&expansion=hBP07&view=image,https://hololive-official-cardgame.com/wp-content/images/cardlist/hBP07/hBP07-089_R.png,2026年03月13日(金),ブースターパック「ディーヴァフィーバー」,イラストレーター名：蓮深ふみカードナンバー：hBP07-089,0,,"カードタイプ
ホロメン
タグ
#DEV_IS
#FLOW GLOW
レアリティ
R
収録商品
ブースターパック「ディーヴァフィーバー」
色
HP
180
Bloomレベル
1st
バトンタッチ
キーワード
っしゃ反撃抜刀
直前の相手のターンに自分の#FLOW GLOWを持つホロメンがダウンしていたなら、自分のデッキを2枚引く。自分のブルームエフェクト「っしゃ反撃抜刀」はターンに1回しか使えない。
アーツ
スッゲーワクワクするしょ！！　50
イラストレーター名：
蓮深ふみ
カードナンバー：
hBP07-089"
hBP07,hBP07-090,虎金妃笑虎,https://hololive-official-cardgame.com/cardlist/?id=1876&%2Fcardlist%2Fcardsearch_ex=&expansion=hBP07&view=image,https://hololive-official-cardgame.com/wp-content/images/cardlist/hBP07/hBP07-090_RR.png,2026年03月13日(金),ブースターパック「ディーヴァフィーバー」,イラストレーター名：pbjカードナンバー：hBP07-090,0,,"カードタイプ
ホロメン
タグ
#DEV_IS
#FLOW GLOW
レアリティ
RR
収録商品
ブースターパック「ディーヴァフィーバー」
色
HP
210
Bloomレベル
2nd
バトンタッチ
キーワード
ここで終わっちゃう虎じゃないんだ！
自分のアーカイブのエール2枚を#FLOW GLOWを持つ自分のホロメン1人に送れる。
アーツ
ぶち上げる気合いだ！　80+
このホロメンのエール1枚につき、このアーツ+20。
イラストレーター名：
pbj
カードナンバー：
hBP07-090"
hBP07,hBP07-091,ライブスタッフ,https://hololive-official-cardgame.com/cardlist/?id=1877&%2Fcardlist%2Fcardsearch_ex=&expansion=hBP07&view=image,https://hololive-official-cardgame.com/wp-content/images/cardlist/hBP07/hBP07-091_C.png,2026年03月13日(金),ブースターパック「ディーヴァフィーバー」,イラストレーター名：海原カイロカードナンバー：hBP07-091,0,,"カードタイプ
サポート・スタッフ
レアリティ
C
収録商品
ブースターパック「ディーヴァフィーバー」
能力テキスト
このカードは、自分のステージのエール1枚をアーカイブしなければ使えない。
自分のアーカイブのファン1枚を自分のホロメンに付ける。付けたなら、自分のアーカイブのホロメン1枚を手札に戻す。
イラストレーター名：
海原カイロ
カードナンバー：
hBP07-091"
hBP07,hBP07-092,アーカイブパソコン,https://hololive-official-cardgame.com/cardlist/?id=1878&%2Fcardlist%2Fcardsearch_ex=&expansion=hBP07&view=image,https://hololive-official-cardgame.com/wp-content/images/cardlist/hBP07/hBP07-092_U.png,2026年03月13日(金),ブースターパック「ディーヴァフィーバー」,イラストレーター名：こぶりな とまカードナンバー：hBP07-092,2,"Q: Q hBP07-092（アーカイブパソコン〉は、デッキが0枚でアーカイブにホロメンがある時は使うことはできますか？
A: A はい、できます。

Q: Q hBP07-092（アーカイブパソコン〉は、デッキにカードがあり、アーカイブにホロメンが無い時でも使うことはできますか？
A: A はい、できます。","カードタイプ
サポート・アイテム・LIMITED
レアリティ
U
収録商品
ブースターパック「ディーヴァフィーバー」
能力テキスト
自分のアーカイブのホロメン1～3枚をデッキに戻してシャッフルする。その後、自分のデッキを2枚引く。
LIMITED：ターンに1枚しか使えない。
イラストレーター名：
こぶりな とま
カードナンバー：
hBP07-092"
hBP07,hBP07-093,うまみー！,https://hololive-official-cardgame.com/cardlist/?id=1879&%2Fcardlist%2Fcardsearch_ex=&expansion=hBP07&view=image,https://hololive-official-cardgame.com/wp-content/images/cardlist/hBP07/hBP07-093_C.png,2026年03月13日(金),ブースターパック「ディーヴァフィーバー」,イラストレーター名：みゃーこカードナンバー：hBP07-093,0,,"カードタイプ
サポート・イベント
レアリティ
C
収録商品
ブースターパック「ディーヴァフィーバー」
能力テキスト
自分のコラボポジションの〈ベスティア・ゼータ〉を選ぶ。このターンの間、選んだホロメンのアーツ+40。その後、サイコロを1回振る。6以外なら、このカードをデッキに戻してシャッフルする。
自分の〈うまみー！〉はターンに1回しか使えない。
イラストレーター名：
みゃーこ
カードナンバー：
hBP07-093"
hBP07,hBP07-094,ギリわるロボ,https://hololive-official-cardgame.com/cardlist/?id=1880&%2Fcardlist%2Fcardsearch_ex=&expansion=hBP07&view=image,https://hololive-official-cardgame.com/wp-content/images/cardlist/hBP07/hBP07-094_U.png,2026年03月13日(金),ブースターパック「ディーヴァフィーバー」,イラストレーター名：津田次郎カードナンバー：hBP07-094,0,,"カードタイプ
サポート・イベント・LIMITED
レアリティ
U
収録商品
ブースターパック「ディーヴァフィーバー」
能力テキスト
自分の手札すべてをデッキに戻してシャッフルする。そして自分のデッキを4枚引く。自分のライフが3以下なら、かわりに、お互いの手札すべてをデッキに戻してシャッフルする。そしてそれぞれのデッキを4枚引く。
LIMITED：ターンに1枚しか使えない。
イラストレーター名：
津田次郎
カードナンバー：
hBP07-094"
hBP07,hBP07-095,クロスインパクト,https://hololive-official-cardgame.com/cardlist/?id=1881&%2Fcardlist%2Fcardsearch_ex=&expansion=hBP07&view=image,https://hololive-official-cardgame.com/wp-content/images/cardlist/hBP07/hBP07-095_C.png,2026年03月13日(金),ブースターパック「ディーヴァフィーバー」,イラストレーター名：green322カードナンバー：hBP07-095,0,,"カードタイプ
サポート・イベント・LIMITED
レアリティ
C
収録商品
ブースターパック「ディーヴァフィーバー」
能力テキスト
このカードは、お互いのセンターホロメンが2ndホロメンでなければ使えない。
お互いにサイコロを1回振る。自分の出た目の数が相手以上なら、このターンの間、自分のセンターホロメンのアーツ+100。自分の出た目の数が相手より小さいなら、自分のエールデッキの上から1枚を自分のホロメンに送る。
LIMITED：ターンに1枚しか使えない。
イラストレーター名：
green322
カードナンバー：
hBP07-095"
hBP07,hBP07-096,ちゃま旅,https://hololive-official-cardgame.com/cardlist/?id=1882&%2Fcardlist%2Fcardsearch_ex=&expansion=hBP07&view=image,https://hololive-official-cardgame.com/wp-content/images/cardlist/hBP07/hBP07-096_U.png,2026年03月13日(金),ブースターパック「ディーヴァフィーバー」,イラストレーター名：ミュシャカードナンバー：hBP07-096,3,"Q: Q hBP07-096〈ちゃま旅〉の能力で、自分の〈赤井はあと〉がデッキに戻る場合、好きな順番でデッキの下に戻せますか？
A: A はい、戻せます。

Q: Q hBP07-096〈ちゃま旅〉の能力で、自分の〈赤井はあと〉がデッキに戻る場合、その〈赤井はあと〉に付いているカードもデッキに戻りますか？
A: A いいえ、戻りません。 付いているカードはすべてアーカイブされます。

Q: Q hBP07-004〈赤井はあと〉のステージ推しスキル「はあちゃまなう」の能力は、hBP07-096〈ちゃま旅〉の能力で自分の〈赤井はあと〉がデッキに戻った場合も発揮されますか？
A: A はい、されます。","カードタイプ
サポート・イベント
レアリティ
U
収録商品
ブースターパック「ディーヴァフィーバー」
能力テキスト
自分のバックポジションの〈赤井はあと〉1人を選ぶ。選んだホロメンを含め重なっているホロメンすべてを好きな順でデッキの下に戻す。このターンの間、自分の〈赤井はあと〉全員のアーツに必要な無色-1。
イラストレーター名：
ミュシャ
カードナンバー：
hBP07-096"
hBP07,hBP07-097,時の支配者 -Promise-,https://hololive-official-cardgame.com/cardlist/?id=1883&%2Fcardlist%2Fcardsearch_ex=&expansion=hBP07&view=image,https://hololive-official-cardgame.com/wp-content/images/cardlist/hBP07/hBP07-097_U.png,2026年03月13日(金),ブースターパック「ディーヴァフィーバー」,イラストレーター名：GINカードナンバー：hBP07-097,0,,"カードタイプ
サポート・イベント・LIMITED
レアリティ
U
収録商品
ブースターパック「ディーヴァフィーバー」
能力テキスト
このカードは、自分のステージのホロメン全員が#Promiseを持つホロメンでなければ使えない。
自分のデッキから、#Promiseを持つホロメン2枚を公開し、手札に加える。そしてデッキをシャッフルする。その後、自分のライフが相手より少ないなら、自分のステージのホロメン1人を選ぶ。このターンの間、選んだホロメンのアーツ+20。
LIMITED：ターンに1枚しか使えない。
イラストレーター名：
GIN
カードナンバー：
hBP07-097"
hBP07,hBP07-098,ビッグゴッドミオーンの占い,https://hololive-official-cardgame.com/cardlist/?id=1884&%2Fcardlist%2Fcardsearch_ex=&expansion=hBP07&view=image,https://hololive-official-cardgame.com/wp-content/images/cardlist/hBP07/hBP07-098_U.png,2026年03月13日(金),ブースターパック「ディーヴァフィーバー」,イラストレーター名：samo*chaカードナンバー：hBP07-098,0,,"カードタイプ
サポート・イベント・LIMITED
レアリティ
U
収録商品
ブースターパック「ディーヴァフィーバー」
能力テキスト
このカードは、自分の推しホロメンが〈大神ミオ〉でなければ使えない。
自分のデッキの上から3枚を公開する。このターンの間、この能力で公開したサポートカード1枚につき、自分のステージのホロメン全員のアーツ+20。そして公開したカードを好きな順でデッキの上に戻す。
LIMITED：ターンに1枚しか使えない。
イラストレーター名：
samo*cha
カードナンバー：
hBP07-098"
hBP07,hBP07-099,ブヒー！,https://hololive-official-cardgame.com/cardlist/?id=1885&%2Fcardlist%2Fcardsearch_ex=&expansion=hBP07&view=image,https://hololive-official-cardgame.com/wp-content/images/cardlist/hBP07/hBP07-099_C.png,2026年03月13日(金),ブースターパック「ディーヴァフィーバー」,イラストレーター名：さかなへんカードナンバー：hBP07-099,0,,"カードタイプ
サポート・イベント・LIMITED
レアリティ
C
収録商品
ブースターパック「ディーヴァフィーバー」
能力テキスト
自分のデッキを2枚引く。その後、直前の相手のターンに自分のホロメンがダウンしていたなら、自分のステージのホロメン1人を選ぶ。このターンの間、選んだホロメンのアーツ+20。さらに、直前の相手のターンにダウンしていた自分のホロメンが〈ラプラス・ダークネス〉なら、自分のデッキを2枚引く。
LIMITED：ターンに1枚しか使えない。
イラストレーター名：
さかなへん
カードナンバー：
hBP07-099"
hBP07,hBP07-100,フロンティアスピリット,https://hololive-official-cardgame.com/cardlist/?id=1886&%2Fcardlist%2Fcardsearch_ex=&expansion=hBP07&view=image,https://hololive-official-cardgame.com/wp-content/images/cardlist/hBP07/hBP07-100_U.png,2026年03月13日(金),ブースターパック「ディーヴァフィーバー」,イラストレーター名：古弥月カードナンバー：hBP07-100,3,"Q: Q 自分のアーカイブにhBP07-100〈フロンティアスピリット〉が1枚で〈AZKi〉とエールが0枚である時、このカードを使うことはできますか？
A: A いいえ、できません。

Q: Q 自分のアーカイブにhBP07-100〈フロンティアスピリット〉が3枚ある時、hBP07-069〈AZKi〉のアーツ「紡いだ軌跡 すべてに捧ぐ歌」の能力でホロパワーを4枚アーカイブしました。 その中にhBP07-100〈フロンティアスピリット〉がある場合、相手のライフを−1することはできますか？
A: A はい、できます。

Q: Q 自分のアーカイブにhBP07-100〈フロンティアスピリット〉が0枚で〈AZKi〉が1枚ある時、このカードを使うことはできますか？
A: A はい、できます。","カードタイプ
サポート・イベント
レアリティ
U
収録商品
ブースターパック「ディーヴァフィーバー」
能力テキスト
自分のアーカイブの〈AZKi〉1枚を手札に戻す。その後、自分のアーカイブの〈フロンティアスピリット〉1枚につき、自分のアーカイブのエール1枚を自分の〈AZKi〉1人に送る。
自分の〈フロンティアスピリット〉はターンに1回しか使えない。
イラストレーター名：
古弥月
カードナンバー：
hBP07-100"
hBP07,hBP07-101,ASMRマイク,https://hololive-official-cardgame.com/cardlist/?id=1887&%2Fcardlist%2Fcardsearch_ex=&expansion=hBP07&view=image,https://hololive-official-cardgame.com/wp-content/images/cardlist/hBP07/hBP07-101_C.png,2026年03月13日(金),ブースターパック「ディーヴァフィーバー」,イラストレーター名：ミュシャカードナンバー：hBP07-101,0,,"カードタイプ
サポート・ツール
タグ
#Buzzグッズ
レアリティ
C
収録商品
ブースターパック「ディーヴァフィーバー」
能力テキスト
◆Buzzホロメンに付いていたら能力追加
このホロメンのアーツに必要な無色-1。
ツールは、自分のホロメン1人につき1枚だけ付けられる。
イラストレーター名：
ミュシャ
カードナンバー：
hBP07-101"
hBP07,hBP07-102,角巻わためのハンマー,https://hololive-official-cardgame.com/cardlist/?id=1888&%2Fcardlist%2Fcardsearch_ex=&expansion=hBP07&view=image,https://hololive-official-cardgame.com/wp-content/images/cardlist/hBP07/hBP07-102_U.png,2026年03月13日(金),ブースターパック「ディーヴァフィーバー」,イラストレーター名：みゃーこカードナンバー：hBP07-102,0,,"カードタイプ
サポート・ツール
レアリティ
U
収録商品
ブースターパック「ディーヴァフィーバー」
能力テキスト
このツールが付いている〈角巻わため〉のアーツ+20。
◆2ndの〈角巻わため〉に付いていたら能力追加
■[センターポジション限定]このホロメンのアーツ+30。
■[センターポジション限定]このホロメンがアーツを使った時、サイコロを1回振る。3か5なら、このホロメン以外の自分のホロメン1人に特殊ダメージ50を与える。
ツールは、自分のホロメン1人につき1枚だけ付けられる。
イラストレーター名：
みゃーこ
カードナンバー：
hBP07-102"
hBP07,hBP07-103,ギラファノコギリクワガタ,https://hololive-official-cardgame.com/cardlist/?id=1889&%2Fcardlist%2Fcardsearch_ex=&expansion=hBP07&view=image,https://hololive-official-cardgame.com/wp-content/images/cardlist/hBP07/hBP07-103_U.png,2026年03月13日(金),ブースターパック「ディーヴァフィーバー」,イラストレーター名：あすカードナンバー：hBP07-103,1,"Q: Q hBP07-103〈ギラファノコギリクワガタ〉の「軽減されない」とは、どういう意味ですか？
A: A ダメージを減らす、またはダメージを受けない能力の影響を受けないという意味です。","カードタイプ
サポート・ツール
レアリティ
U
収録商品
ブースターパック「ディーヴァフィーバー」
能力テキスト
このツールが付いている〈桃鈴ねね〉のアーツ+20。
◆1st以上の〈桃鈴ねね〉に付いていたら能力追加
このホロメンのアーツダメージは軽減されない。
ツールは、自分のホロメン1人につき1枚だけ付けられる。
イラストレーター名：
あす
カードナンバー：
hBP07-103"
hBP07,hBP07-104,Thorn,https://hololive-official-cardgame.com/cardlist/?id=1890&%2Fcardlist%2Fcardsearch_ex=&expansion=hBP07&view=image,https://hololive-official-cardgame.com/wp-content/images/cardlist/hBP07/hBP07-104_U.png,2026年03月13日(金),ブースターパック「ディーヴァフィーバー」,イラストレーター名：GINカードナンバー：hBP07-104,0,,"カードタイプ
サポート・ツール
レアリティ
U
収録商品
ブースターパック「ディーヴァフィーバー」
能力テキスト
このツールが付いている〈エリザベス・ローズ・ブラッドフレイム〉のアーツ+20。
◆2ndの〈エリザベス・ローズ・ブラッドフレイム〉に付いていたら能力追加
このホロメンのHPが減っているなら、このホロメンのアーツ+20。
ツールは、自分のホロメン1人につき1枚だけ付けられる。
イラストレーター名：
GIN
カードナンバー：
hBP07-104"
hBP07,hBP07-105,BAZO,https://hololive-official-cardgame.com/cardlist/?id=1891&%2Fcardlist%2Fcardsearch_ex=&expansion=hBP07&view=image,https://hololive-official-cardgame.com/wp-content/images/cardlist/hBP07/hBP07-105_C.png,2026年03月13日(金),ブースターパック「ディーヴァフィーバー」,イラストレーター名：はたほまめカードナンバー：hBP07-105,1,"Q: Q hBP07-002〈ベスティア・ゼータ〉のSP推しスキル「不可能なんてないんだから！」の能力で、自分のアーカイブにあるhBP07-105〈BAZO〉3枚を選びました。 この場合、〈ベスティア・ゼータ〉1人にすべて付けることはできますか？
A: A いいえ、できません。","カードタイプ
サポート・マスコット
レアリティ
C
収録商品
ブースターパック「ディーヴァフィーバー」
能力テキスト
このマスコットが付いているホロメンのアーツ+10。
◆〈ベスティア・ゼータ〉に付いていたら能力追加
このホロメンがアーツを使った時、自分のアーカイブのファン1枚を手札に戻す。
マスコットは、自分のホロメン1人につき1枚だけ付けられる。
イラストレーター名：
はたほまめ
カードナンバー：
hBP07-105"
hBP07,hBP07-106,ハトタウロス,https://hololive-official-cardgame.com/cardlist/?id=1892&%2Fcardlist%2Fcardsearch_ex=&expansion=hBP07&view=image,https://hololive-official-cardgame.com/wp-content/images/cardlist/hBP07/hBP07-106_U.png,2026年03月13日(金),ブースターパック「ディーヴァフィーバー」,イラストレーター名：津田次郎カードナンバー：hBP07-106,2,"Q: Q 残りHP10の、hBP07-106〈ハトタウロス〉が付いている〈大神ミオ〉がコラボした時、hBP07-106〈ハトタウロス〉の能力でhBP07-106〈ハトタウロス〉をデッキの上に戻すことはできますか？
A: A はい、できます。 その場合、残りHPが0になるため、アーカイブからホロメンを1枚手札に戻した後にダウン処理を行います。

Q: Q hBP07-106〈ハトタウロス〉が付いているhBP07-028〈大神ミオ〉がコラボした時、hBP07-106〈ハトタウロス〉の能力とコラボエフェクト「金瞳の綺羅星」の能力はどちらから処理されますか?
A: A どちらも「コラボした時」に使える能力であるため、好きな順番で処理ができます。","カードタイプ
サポート・マスコット
タグ
#白上'sキャラクター
レアリティ
U
収録商品
ブースターパック「ディーヴァフィーバー」
能力テキスト
このマスコットが付いているホロメンのHP+20。
◆〈大神ミオ〉に付いていたら能力追加
このホロメンがコラボした時、このホロメンに付いている〈ハトタウロス〉1枚をデッキの上に戻せる：自分のアーカイブのホロメン1枚を手札に戻す。
マスコットは、自分のホロメン1人につき1枚だけ付けられる。
イラストレーター名：
津田次郎
カードナンバー：
hBP07-106"
hBP07,hBP07-107,Boros,https://hololive-official-cardgame.com/cardlist/?id=1893&%2Fcardlist%2Fcardsearch_ex=&expansion=hBP07&view=image,https://hololive-official-cardgame.com/wp-content/images/cardlist/hBP07/hBP07-107_U.png,2026年03月13日(金),ブースターパック「ディーヴァフィーバー」,イラストレーター名：しまりすゆきちカードナンバー：hBP07-107,0,,"カードタイプ
サポート・マスコット
レアリティ
U
収録商品
ブースターパック「ディーヴァフィーバー」
能力テキスト
このマスコットが付いているホロメンのHP+20。
◆〈オーロ・クロニー〉に付いていたら能力追加
このゲーム中に、自分の〈オーロ・クロニー〉のSP推しスキル「時間の典獄」を使っていたなら、このホロメンのアーツ+20。
マスコットは、自分のホロメン1人につき1枚だけ付けられる。
イラストレーター名：
しまりすゆきち
カードナンバー：
hBP07-107"
hBP07,hBP07-108,Zecretary,https://hololive-official-cardgame.com/cardlist/?id=1894&%2Fcardlist%2Fcardsearch_ex=&expansion=hBP07&view=image,https://hololive-official-cardgame.com/wp-content/images/cardlist/hBP07/hBP07-108_C.png,2026年03月13日(金),ブースターパック「ディーヴァフィーバー」,イラストレーター名：888BUNカードナンバー：hBP07-108,1,"Q: Q hBP07-002〈ベスティア・ゼータ〉のSP推しスキル「不可能なんてないんだから！」の能力で、自分のアーカイブにあるhBP07-108〈Zecretary〉をhBP04-039〈カエラ・コヴァルスキア〉に付けることはできますか？
A: A いいえ、できません。","カードタイプ
サポート・ファン
レアリティ
C
収録商品
ブースターパック「ディーヴァフィーバー」
能力テキスト
■このファンが付いているホロメンがアーツを使う時、自分の推しホロメンが〈ベスティア・ゼータ〉なら、このファンを白エールとしても扱う。
■相手のターンで、このファンが付いているホロメンがダメージを受けた時、このファンをアーカイブする。
このファンは、自分の〈ベスティア・ゼータ〉だけに付けられ、1人につき何枚でも付けられる。
イラストレーター名：
888BUN
カードナンバー：
hBP07-108"
hBP07,hBP07-109,Kronies,https://hololive-official-cardgame.com/cardlist/?id=1895&%2Fcardlist%2Fcardsearch_ex=&expansion=hBP07&view=image,https://hololive-official-cardgame.com/wp-content/images/cardlist/hBP07/hBP07-109_C.png,2026年03月13日(金),ブースターパック「ディーヴァフィーバー」,イラストレーター名：はたほまめカードナンバー：hBP07-109,0,,"カードタイプ
サポート・ファン
レアリティ
C
収録商品
ブースターパック「ディーヴァフィーバー」
能力テキスト
このファンが付いているホロメンのアーツ+10。
このファンは、自分の〈オーロ・クロニー〉だけに付けられ、1人につき何枚でも付けられる。
イラストレーター名：
はたほまめ
カードナンバー：
hBP07-109"
hBP07,hBP07-110,ねっ子,https://hololive-official-cardgame.com/cardlist/?id=1896&%2Fcardlist%2Fcardsearch_ex=&expansion=hBP07&view=image,https://hololive-official-cardgame.com/wp-content/images/cardlist/hBP07/hBP07-110_C.png,2026年03月13日(金),ブースターパック「ディーヴァフィーバー」,イラストレーター名：あすカードナンバー：hBP07-110,0,,"カードタイプ
サポート・ファン
レアリティ
C
収録商品
ブースターパック「ディーヴァフィーバー」
能力テキスト
[ターンに1回]このファンが付いているホロメンのBloomレベルが上がった時、自分のデッキを1枚引く。
このファンは、自分の〈桃鈴ねね〉だけに付けられ、1人につき何枚でも付けられる。
イラストレーター名：
あす
カードナンバー：
hBP07-110"
hBP07,hSD10-002,輪堂千速,https://hololive-official-cardgame.com/cardlist/?id=1900&%2Fcardlist%2Fcardsearch_ex=&expansion=hBP07&view=image,https://hololive-official-cardgame.com/wp-content/images/cardlist/hBP07/hSD10-002_02_C.png,2026年03月13日(金),ブースターパック「ディーヴァフィーバー」,カードナンバー：hSD10-002,0,,"カードタイプ
ホロメン
タグ
#DEV_IS
#FLOW GLOW
レアリティ
C
収録商品
ブースターパック「ディーヴァフィーバー」
色
HP
110
Bloomレベル
Debut
バトンタッチ
アーツ
はじまりんど～～～！　30
エクストラ
このホロメンはデッキに何枚でも入れられる
カードナンバー：
hSD10-002"
hBP07,hSD11-002,虎金妃笑虎,https://hololive-official-cardgame.com/cardlist/?id=1907&%2Fcardlist%2Fcardsearch_ex=&expansion=hBP07&view=image,https://hololive-official-cardgame.com/wp-content/images/cardlist/hBP07/hSD11-002_02_C.png,2026年03月13日(金),ブースターパック「ディーヴァフィーバー」,カードナンバー：hSD11-002,0,,"カードタイプ
ホロメン
タグ
#DEV_IS
#FLOW GLOW
レアリティ
C
収録商品
ブースターパック「ディーヴァフィーバー」
色
HP
130
Bloomレベル
Debut
バトンタッチ
アーツ
ニコたんが～来たァー！　20
エクストラ
このホロメンはデッキに何枚でも入れられる
カードナンバー：
hSD11-002"
hBP07,hBP01-124,開拓者,https://hololive-official-cardgame.com/cardlist/?id=165&%2Fcardlist%2Fcardsearch_ex=&expansion=hBP07&view=image,https://hololive-official-cardgame.com/wp-content/images/cardlist/hBP01/hBP01-124_C.png,2024年09月20日(金) / 2026年03月13日(金),ブースターパック「ブルーミングレディアンス」 / ブースターパック「ディーヴァフィーバー」,イラストレーター名：JinArt こばやかわやまとカードナンバー：hBP01-124,1,"Q: Q hBP01-124〈開拓者〉が付けられている自分のhSD01-013〈SorAZ〉を、hBP01-023〈ときのそら〉にBloomした場合、hBP01-124〈開拓者〉は付けたままになりますか？
A: A いいえ、hBP01-124〈開拓者〉はアーカイブされます。","カードタイプ
サポート・ファン
レアリティ
C
収録商品
ブースターパック「ブルーミングレディアンス」
ブースターパック「ディーヴァフィーバー」
能力テキスト
相手のターンで、このファンが付いているホロメンがダウンした時、このファンが付いているホロメンのエール1枚を、自分の他のホロメンに付け替える。
このファンは、自分の〈AZKi〉だけに付けられ、1人につき何枚でも付けられる。
イラストレーター名：
JinArt こばやかわやまと
カードナンバー：
hBP01-124"
hBP07,hBP02-101,ミオファ,https://hololive-official-cardgame.com/cardlist/?id=368&%2Fcardlist%2Fcardsearch_ex=&expansion=hBP07&view=image,https://hololive-official-cardgame.com/wp-content/images/cardlist/hBP02/hBP02-101_C.png,2024年12月20日(金) / 2026年03月13日(金),ブースターパック「クインテットスペクトラム」 / ブースターパック「ディーヴァフィーバー」,イラストレーター名：JinArt こばやかわやまとカードナンバー：hBP02-101,1,"Q: Q hBP02-101〈ミオファ〉が付いているホロメンがダウンした時、ライフからエールを送るのと、hBP02-101〈ミオファ〉の能力でカードを引くのではどちらが先ですか？
A: A カードを引くのが先となります。","カードタイプ
サポート・ファン
レアリティ
C
収録商品
ブースターパック「クインテットスペクトラム」
ブースターパック「ディーヴァフィーバー」
能力テキスト
相手のターンで、このファンが付いているホロメンがダウンした時、自分のデッキを1枚引く。
このファンは、自分の〈大神ミオ〉だけに付けられ、1人につき何枚でも付けられる。
イラストレーター名：
JinArt こばやかわやまと
カードナンバー：
hBP02-101"
hBP07,hBP03-112,わためいと,https://hololive-official-cardgame.com/cardlist/?id=676&%2Fcardlist%2Fcardsearch_ex=&expansion=hBP07&view=image,https://hololive-official-cardgame.com/wp-content/images/cardlist/hBP03/hBP03-112_U.png,2025年03月21日(金) / 2026年03月13日(金),ブースターパック「エリートスパーク」 / ブースターパック「ディーヴァフィーバー」,イラストレーター名：JinArt こばやかわやまとカードナンバー：hBP03-112,2,"Q: Q hBP03-112〈わためいと〉とhBP06-104〈スバ友〉が付いているhBP06-083〈ラムダック〉をhBP06-081〈大空スバル〉にBloomさせました。 この場合、付いているhBP03-112〈わためいと〉はどうなりますか？
A: A 〈角巻わため〉ではないので、アーカイブされます。

Q: Q hBP06-083〈ラムダック〉にhBP03-112〈わためいと〉とhBP06-104〈スバ友〉の両方を付けることはできますか？
A: A はい、できます。","カードタイプ
サポート・ファン
レアリティ
U
収録商品
ブースターパック「エリートスパーク」
ブースターパック「ディーヴァフィーバー」
能力テキスト
相手のターンで、このファンが付いているホロメンがダウンした時、このホロメンの黄エール1～2枚を、自分の他の〈角巻わため〉1人に付け替えられる。
このファンは、自分の〈角巻わため〉だけに付けられ、1人につき何枚でも付けられる。
イラストレーター名：
JinArt こばやかわやまと
カードナンバー：
hBP03-112"
hBP07,hSD10-013,ふぐ太郎,https://hololive-official-cardgame.com/cardlist/?id=1468&%2Fcardlist%2Fcardsearch_ex=&expansion=hBP07&view=image,https://hololive-official-cardgame.com/wp-content/images/cardlist/hBP07/hSD10-013_02_C.png,2025年11月21日(金) / 2026年03月13日(金),ブースターパック「ディーヴァフィーバー」 / スタートデッキ FLOW GLOW 推し 輪堂千速 / スタートデッキ FLOW GLOW 推し 虎金妃笑虎,イラストレーター名：さかなへんカードナンバー：hSD10-013,1,"Q: Q 自分のステージにホロメンが6人いる場合、hSD10-013〈ふぐ太郎〉の能力を使うことはできますか？
A: A はい、その場合、デッキの中を見て、ステージにホロメンを出せないためデッキをシャッフルし、hSD10-013〈ふぐ太郎〉をデッキの下に戻して効果の解決を終えます。","カードタイプ
サポート・ツール
レアリティ
C
収録商品
ブースターパック「ディーヴァフィーバー」
スタートデッキ FLOW GLOW 推し 輪堂千速
スタートデッキ FLOW GLOW 推し 虎金妃笑虎
能力テキスト
このツールが付いている#FLOW GLOWを持つホロメンのアーツ+10。
◆#FLOW GLOWを持つホロメンに付いていたら能力追加
自分のエンドステップが開始する時、このターンにこのホロメンがアーツを使っていたなら使える：自分のデッキから、#FLOW GLOWを持つ[DebutホロメンかSpotホロメン]1枚を公開し、ステージに出す。そしてデッキをシャッフルする。その後、このホロメンに付いている〈ふぐ太郎〉1枚をデッキの下に戻す。
ツールは、自分のホロメン1人につき1枚だけ付けられる。
イラストレーター名：
さかなへん
カードナンバー：
hSD10-013"
hBP07,hBP01-024,ベスティア・ゼータ,https://hololive-official-cardgame.com/cardlist/?id=2020&%2Fcardlist%2Fcardsearch_ex=&expansion=hBP07&view=image,https://hololive-official-cardgame.com/wp-content/images/cardlist/hBP07/hBP01-024_HR.png,2026年03月13日(金),ブースターパック「ディーヴァフィーバー」,イラストレーター名：スライムカードナンバー：hBP01-024,0,,"カードタイプ
ホロメン
タグ
#ID
#ID3期生
レアリティ
HR
収録商品
ブースターパック「ディーヴァフィーバー」
色
HP
100
Bloomレベル
Debut
バトンタッチ
アーツ
ミッションスタート　30
エクストラ
このホロメンはデッキに何枚でも入れられる
イラストレーター名：
スライム
カードナンバー：
hBP01-024"
hBP07,hBP01-044,AZKi,https://hololive-official-cardgame.com/cardlist/?id=2021&%2Fcardlist%2Fcardsearch_ex=&expansion=hBP07&view=image,https://hololive-official-cardgame.com/wp-content/images/cardlist/hBP07/hBP01-044_HR.png,2026年03月13日(金),ブースターパック「ディーヴァフィーバー」,イラストレーター名：GTK99カードナンバー：hBP01-044,0,,"カードタイプ
ホロメン
タグ
#JP
#0期生
#歌
レアリティ
HR
収録商品
ブースターパック「ディーヴァフィーバー」
色
HP
100
Bloomレベル
Debut
バトンタッチ
アーツ
こんあずき～　20
エクストラ
このホロメンはデッキに何枚でも入れられる
イラストレーター名：
GTK99
カードナンバー：
hBP01-044"
hBP07,hBP01-092,オーロ・クロニー,https://hololive-official-cardgame.com/cardlist/?id=2023&%2Fcardlist%2Fcardsearch_ex=&expansion=hBP07&view=image,https://hololive-official-cardgame.com/wp-content/images/cardlist/hBP07/hBP01-092_HR.png,2026年03月13日(金),ブースターパック「ディーヴァフィーバー」,イラストレーター名：yukiカードナンバー：hBP01-092,0,,"カードタイプ
ホロメン
タグ
#EN
#Promise
レアリティ
HR
収録商品
ブースターパック「ディーヴァフィーバー」
色
HP
70
Bloomレベル
Debut
バトンタッチ
アーツ
クロにちは～　10
このホロメンのエール1枚を、自分の他の#Promiseを持つホロメンに付け替えられる。
エクストラ
このホロメンはデッキに何枚でも入れられる
イラストレーター名：
yuki
カードナンバー：
hBP01-092"
hBP07,hBP03-025,さくらみこ,https://hololive-official-cardgame.com/cardlist/?id=2022&%2Fcardlist%2Fcardsearch_ex=&expansion=hBP07&view=image,https://hololive-official-cardgame.com/wp-content/images/cardlist/hBP07/hBP03-025_02_HR.png,2026年03月13日(金),ブースターパック「ディーヴァフィーバー」,イラストレーター名：アのひとカードナンバー：hBP03-025,0,,"カードタイプ
ホロメン
タグ
#JP
#0期生
#ベイビー
レアリティ
HR
収録商品
ブースターパック「ディーヴァフィーバー」
色
HP
100
Bloomレベル
Debut
バトンタッチ
アーツ
にゃっはろ～　30
エクストラ
このホロメンはデッキに何枚でも入れられる
イラストレーター名：
アのひと
カードナンバー：
hBP03-025"
hBP07,hBP03-067,角巻わため,https://hololive-official-cardgame.com/cardlist/?id=2025&%2Fcardlist%2Fcardsearch_ex=&expansion=hBP07&view=image,https://hololive-official-cardgame.com/wp-content/images/cardlist/hBP07/hBP03-067_HR.png,2026年03月13日(金),ブースターパック「ディーヴァフィーバー」,イラストレーター名：カロクチトセカードナンバー：hBP03-067,0,,"カードタイプ
ホロメン
タグ
#JP
#4期生
#ケモミミ
#歌
レアリティ
HR
収録商品
ブースターパック「ディーヴァフィーバー」
色
HP
110
Bloomレベル
Debut
バトンタッチ
アーツ
こんばんドドド～！　30
エクストラ
このホロメンはデッキに何枚でも入れられる
イラストレーター名：
カロクチトセ
カードナンバー：
hBP03-067"
hBP07,hBP04-054,ラプラス・ダークネス,https://hololive-official-cardgame.com/cardlist/?id=2024&%2Fcardlist%2Fcardsearch_ex=&expansion=hBP07&view=image,https://hololive-official-cardgame.com/wp-content/images/cardlist/hBP07/hBP04-054_HR.png,2026年03月13日(金),ブースターパック「ディーヴァフィーバー」,イラストレーター名：兎未枝カードナンバー：hBP04-054,0,,"カードタイプ
ホロメン
タグ
#JP
#秘密結社holoX
#シューター
レアリティ
HR
収録商品
ブースターパック「ディーヴァフィーバー」
色
HP
100
Bloomレベル
Debut
バトンタッチ
アーツ
貴様ら、刮目せよ！！　30
エクストラ
このホロメンはデッキに何枚でも入れられる
イラストレーター名：
兎未枝
カードナンバー：
hBP04-054"
hBP07,hBP07-001,角巻わため,https://hololive-official-cardgame.com/cardlist/?id=1908&%2Fcardlist%2Fcardsearch_ex=&expansion=hBP07&view=image,https://hololive-official-cardgame.com/wp-content/images/cardlist/hBP07/hBP07-001_OUR.png,2026年03月13日(金),ブースターパック「ディーヴァフィーバー」,イラストレーター名：桶乃かもくカードナンバー：hBP07-001,1,"Q: Q hBP07-008〈角巻わため〉のコラボエフェクト「もういっぺぇ」を使い、センターホロメンの〈角巻わため〉が2回アーツを使いました。 この場合、hBP07-001〈角巻わため〉の推しステージスキル「ドドドライブ」の能力によってホロパワーを2枚置くことはできますか？
A: A はい、できます。","カードタイプ
推しホロメン
レアリティ
OUR
収録商品
ブースターパック「ディーヴァフィーバー」
色
LIFE
5
推しステージスキル
ドドドライブ
自分の〈角巻わため〉がアーツを使った時、自分のデッキの上から1枚をホロパワーにする。
推しスキル
[ホロパワー：-6]
角ドリルしたろか？
[ターンに1回]このターンの間、自分のステージの〈角巻わため〉全員のアーツ+100。
イラストレーター名：
桶乃かもく
カードナンバー：
hBP07-001"
hBP07,hBP07-002,ベスティア・ゼータ,https://hololive-official-cardgame.com/cardlist/?id=1909&%2Fcardlist%2Fcardsearch_ex=&expansion=hBP07&view=image,https://hololive-official-cardgame.com/wp-content/images/cardlist/hBP07/hBP07-002_OUR.png,2026年03月13日(金),ブースターパック「ディーヴァフィーバー」,イラストレーター名：楠ハルイカードナンバー：hBP07-002,2,"Q: Q hBP07-002〈ベスティア・ゼータ〉のSP推しスキル「不可能なんてないんだから！」の能力で、自分のアーカイブにあるhBP07-105〈BAZO〉3枚を選びました。 この場合、〈ベスティア・ゼータ〉1人にすべて付けることはできますか？
A: A いいえ、できません。

Q: Q hBP07-002〈ベスティア・ゼータ〉のSP推しスキル「不可能なんてないんだから！」の能力で、自分のアーカイブにあるhBP07-108〈Zecretary〉をhBP04-039〈カエラ・コヴァルスキア〉に付けることはできますか？
A: A いいえ、できません。","カードタイプ
推しホロメン
レアリティ
OUR
収録商品
ブースターパック「ディーヴァフィーバー」
色
LIFE
5
推しスキル
[ホロパワー：-3]
Good Luck, holoh3ro!
[ターンに1回]自分のステージのホロメン1人を選ぶ。このターンの間、選んだホロメンのアーツ+50。そのホロメンが#ID3期生を持つBuzzホロメンなら、かわりに、そのホロメンのアーツ+80。
SP推しスキル
[ホロパワー：-2]
不可能なんてないんだから！
[ゲームに1回]自分のアーカイブの[マスコットとファン]を好きな枚数選び、自分の#ID3期生を持つホロメン１人に付ける。3枚以上付けたなら、このターンの間、そのホロメンのアーツ+100。
イラストレーター名：
楠ハルイ
カードナンバー：
hBP07-002"
hBP07,hBP07-002,ベスティア・ゼータ,https://hololive-official-cardgame.com/cardlist/?id=1910&%2Fcardlist%2Fcardsearch_ex=&expansion=hBP07&view=image,https://hololive-official-cardgame.com/wp-content/images/cardlist/hBP07/hBP07-002_SEC.png,2026年03月13日(金),ブースターパック「ディーヴァフィーバー」,イラストレーター名：楠ハルイカードナンバー：hBP07-002,2,"Q: Q hBP07-002〈ベスティア・ゼータ〉のSP推しスキル「不可能なんてないんだから！」の能力で、自分のアーカイブにあるhBP07-105〈BAZO〉3枚を選びました。 この場合、〈ベスティア・ゼータ〉1人にすべて付けることはできますか？
A: A いいえ、できません。

Q: Q hBP07-002〈ベスティア・ゼータ〉のSP推しスキル「不可能なんてないんだから！」の能力で、自分のアーカイブにあるhBP07-108〈Zecretary〉をhBP04-039〈カエラ・コヴァルスキア〉に付けることはできますか？
A: A いいえ、できません。","カードタイプ
推しホロメン
レアリティ
SEC
収録商品
ブースターパック「ディーヴァフィーバー」
色
LIFE
5
推しスキル
[ホロパワー：-3]
Good Luck, holoh3ro!
[ターンに1回]自分のステージのホロメン1人を選ぶ。このターンの間、選んだホロメンのアーツ+50。そのホロメンが#ID3期生を持つBuzzホロメンなら、かわりに、そのホロメンのアーツ+80。
SP推しスキル
[ホロパワー：-2]
不可能なんてないんだから！
[ゲームに1回]自分のアーカイブの[マスコットとファン]を好きな枚数選び、自分の#ID3期生を持つホロメン１人に付ける。3枚以上付けたなら、このターンの間、そのホロメンのアーツ+100。
イラストレーター名：
楠ハルイ
カードナンバー：
hBP07-002"
hBP07,hBP07-003,大神ミオ,https://hololive-official-cardgame.com/cardlist/?id=1911&%2Fcardlist%2Fcardsearch_ex=&expansion=hBP07&view=image,https://hololive-official-cardgame.com/wp-content/images/cardlist/hBP07/hBP07-003_OUR.png,2026年03月13日(金),ブースターパック「ディーヴァフィーバー」,イラストレーター名：灯子カードナンバー：hBP07-003,2,"Q: Q 自分のデッキが残り3枚で、hBP07-003〈大神ミオ〉のSP推しスキル「みんなのママ」の能力を使いました。 この場合、1枚も手札に加えずにデッキに戻すことはできますか？
A: A いいえ、できません。

Q: Q 自分のデッキが残り1枚で、hBP07-003〈大神ミオ〉の推しスキル「神札の導き」の能力を使いました。 この場合、1枚も手札に加えずにデッキに戻すことはできますか？
A: A いいえ、できません。","カードタイプ
推しホロメン
レアリティ
OUR
収録商品
ブースターパック「ディーヴァフィーバー」
色
LIFE
5
推しスキル
[ホロパワー：-1]
神札の導き
[ターンに1回]自分のデッキの上から2枚を見る。その中から、カード1枚を手札に加える。そして残ったカードをデッキの上に戻す。
SP推しスキル
[ホロパワー：-2]
みんなのママ
[ゲームに1回]自分のデッキの上から6枚を見る。その中から、カード3枚を手札に加える。そして残ったカードを好きな順でデッキの上に戻す。その後、自分のホロメン全員のHP50回復。
イラストレーター名：
灯子
カードナンバー：
hBP07-003"
hBP07,hBP07-003,大神ミオ,https://hololive-official-cardgame.com/cardlist/?id=1912&%2Fcardlist%2Fcardsearch_ex=&expansion=hBP07&view=image,https://hololive-official-cardgame.com/wp-content/images/cardlist/hBP07/hBP07-003_SEC.png,2026年03月13日(金),ブースターパック「ディーヴァフィーバー」,イラストレーター名：灯子カードナンバー：hBP07-003,2,"Q: Q 自分のデッキが残り3枚で、hBP07-003〈大神ミオ〉のSP推しスキル「みんなのママ」の能力を使いました。 この場合、1枚も手札に加えずにデッキに戻すことはできますか？
A: A いいえ、できません。

Q: Q 自分のデッキが残り1枚で、hBP07-003〈大神ミオ〉の推しスキル「神札の導き」の能力を使いました。 この場合、1枚も手札に加えずにデッキに戻すことはできますか？
A: A いいえ、できません。","カードタイプ
推しホロメン
レアリティ
SEC
収録商品
ブースターパック「ディーヴァフィーバー」
色
LIFE
5
推しスキル
[ホロパワー：-1]
神札の導き
[ターンに1回]自分のデッキの上から2枚を見る。その中から、カード1枚を手札に加える。そして残ったカードをデッキの上に戻す。
SP推しスキル
[ホロパワー：-2]
みんなのママ
[ゲームに1回]自分のデッキの上から6枚を見る。その中から、カード3枚を手札に加える。そして残ったカードを好きな順でデッキの上に戻す。その後、自分のホロメン全員のHP50回復。
イラストレーター名：
灯子
カードナンバー：
hBP07-003"
hBP07,hBP07-004,赤井はあと,https://hololive-official-cardgame.com/cardlist/?id=1913&%2Fcardlist%2Fcardsearch_ex=&expansion=hBP07&view=image,https://hololive-official-cardgame.com/wp-content/images/cardlist/hBP07/hBP07-004_OUR.png,2026年03月13日(金),ブースターパック「ディーヴァフィーバー」,イラストレーター名：茶ちえカードナンバー：hBP07-004,4,"Q: Q 自分のステージにhBP07-039〈赤井はあと〉とhBP07-040〈赤井はあと〉がいる時、hBP07-40〈赤井はあと〉のコラボエフェクト「Haachama ♥ Restaurant」の能力で、バックポジションの〈赤井はあと〉をデッキの下に戻しました。 この場合、hBP07-004〈赤井はあと〉の推しステージスキル「はあちゃまなう」とhBP07-039〈赤井はあと〉のギフト「血ゃ舞ってる奴いる！？」のどちらから処理しますか？
A: A hBP07-004〈赤井はあと〉とhBP07-039〈赤井はあと〉持つプレイヤーが好きな順番で処理します。

Q: Q hBP07-004〈赤井はあと〉の推しスキル「ワールドワイドな最強アイドル！」の能力で、自分の〈赤井はあと〉がデッキに戻る場合、好きな順番でデッキの下に戻せますか？
A: A はい、戻せます。

Q: Q hBP07-004〈赤井はあと〉の推しスキル「ワールドワイドな最強アイドル！」の能力で、自分の〈赤井はあと〉がデッキに戻る場合、その〈赤井はあと〉に付いているカードもデッキに戻りますか？
A: A いいえ、戻りません。 付いているカードはすべてアーカイブされます。

Q: Q hBP07-004〈赤井はあと〉のステージ推しスキル「はあちゃまなう」の能力は、hBP07-096〈ちゃま旅〉の能力で自分の〈赤井はあと〉がデッキに戻った場合も発揮されますか？
A: A はい、されます。","カードタイプ
推しホロメン
レアリティ
OUR
収録商品
ブースターパック「ディーヴァフィーバー」
色
LIFE
5
推しステージスキル
はあちゃまなう
[ターンに1回]自分のターンで、自分の〈赤井はあと〉が自分の能力でステージからデッキに戻った時、自分のデッキを2枚引く。
推しスキル
[ホロパワー：-2]
ワールドワイドな最強アイドル！
[ターンに1回]自分のバックポジションのDebutホロメンの〈赤井はあと〉1人をデッキの下に戻す。その後、自分のステージの〈赤井はあと〉1人を選ぶ。このターンの間、選んだホロメンのアーツ+50。
イラストレーター名：
茶ちえ
カードナンバー：
hBP07-004"
hBP07,hBP07-005,オーロ・クロニー,https://hololive-official-cardgame.com/cardlist/?id=1914&%2Fcardlist%2Fcardsearch_ex=&expansion=hBP07&view=image,https://hololive-official-cardgame.com/wp-content/images/cardlist/hBP07/hBP07-005_OUR.png,2026年03月13日(金),ブースターパック「ディーヴァフィーバー」,イラストレーター名：ニジハヤシカードナンバー：hBP07-005,2,"Q: Q hBP07-005〈オーロ・クロニー〉のSP推しスキル「時間の典獄」の、「このターンの後に、もう1回自分のターンを開始する」とはどういう意味ですか？
A: A 現在行っているターンの終了後、相手にターンが移る前に、再び自分のリセットステップタから開始することを指します。

Q: Q hBP07-005〈オーロ・クロニー〉の推しスキル「忘却の輪の上で」の能力で下からカードを引く場合、一番下にあるカードを1枚目として最初に引きますか？
A: A はい、引きます。","カードタイプ
推しホロメン
レアリティ
OUR
収録商品
ブースターパック「ディーヴァフィーバー」
色
LIFE
5
推しスキル
[ホロパワー：-2]
忘却の輪の上で
[ターンに1回]自分のデッキを下から2枚引いた後、手札1枚をアーカイブする。
SP推しスキル
[ホロパワー：-4]
時間の典獄
[ゲームに1回]自分のセンターホロメンが2ndの〈オーロ・クロニー〉なら、このターンの後に、もう1回自分のターンを開始する。
イラストレーター名：
ニジハヤシ
カードナンバー：
hBP07-005"
hBP07,hBP07-006,AZKi,https://hololive-official-cardgame.com/cardlist/?id=1915&%2Fcardlist%2Fcardsearch_ex=&expansion=hBP07&view=image,https://hololive-official-cardgame.com/wp-content/images/cardlist/hBP07/hBP07-006_OUR.png,2026年03月13日(金),ブースターパック「ディーヴァフィーバー」,イラストレーター名：竹花ノートカードナンバー：hBP07-006,0,,"カードタイプ
推しホロメン
レアリティ
OUR
収録商品
ブースターパック「ディーヴァフィーバー」
色
LIFE
5
推しステージスキル
ETERNiTY FRONTiER
自分のホロパワー1枚につき、自分のセンターホロメンの〈AZKi〉のアーツ+20。
推しスキル
[ホロパワー：-1]
行くよ、開拓者。
[ターンに1回]直前の相手のターンに自分のホロメンがダウンしていたなら、自分のデッキから、イベント1枚を公開し、手札に加える。そしてデッキをシャッフルする。
イラストレーター名：
竹花ノート
カードナンバー：
hBP07-006"
hBP07,hBP07-006,AZKi,https://hololive-official-cardgame.com/cardlist/?id=1916&%2Fcardlist%2Fcardsearch_ex=&expansion=hBP07&view=image,https://hololive-official-cardgame.com/wp-content/images/cardlist/hBP07/hBP07-006_SEC.png,2026年03月13日(金),ブースターパック「ディーヴァフィーバー」,イラストレーター名：竹花ノートカードナンバー：hBP07-006,0,,"カードタイプ
推しホロメン
レアリティ
SEC
収録商品
ブースターパック「ディーヴァフィーバー」
色
LIFE
5
推しステージスキル
ETERNiTY FRONTiER
自分のホロパワー1枚につき、自分のセンターホロメンの〈AZKi〉のアーツ+20。
推しスキル
[ホロパワー：-1]
行くよ、開拓者。
[ターンに1回]直前の相手のターンに自分のホロメンがダウンしていたなら、自分のデッキから、イベント1枚を公開し、手札に加える。そしてデッキをシャッフルする。
イラストレーター名：
竹花ノート
カードナンバー：
hBP07-006"
hBP07,hBP07-007,桃鈴ねね,https://hololive-official-cardgame.com/cardlist/?id=1917&%2Fcardlist%2Fcardsearch_ex=&expansion=hBP07&view=image,https://hololive-official-cardgame.com/wp-content/images/cardlist/hBP07/hBP07-007_OUR.png,2026年03月13日(金),ブースターパック「ディーヴァフィーバー」,イラストレーター名：イルディカードナンバー：hBP07-007,0,,"カードタイプ
推しホロメン
レアリティ
OUR
収録商品
ブースターパック「ディーヴァフィーバー」
色
LIFE
5
推しスキル
[ホロパワー：-2]
スーパーねぽらぼエナジー
[ターンに1回]自分のアーカイブのエールを自分の#5期生を持つ2ndホロメン全員に1枚ずつ送る。
SP推しスキル
[ホロパワー：-1]
ねねちの大・暴・走！
[ゲームに1回]自分のデッキから、Debutホロメンの〈桃鈴ねね〉1～4枚を公開し、ステージに出す。そしてデッキをシャッフルする。
イラストレーター名：
イルディ
カードナンバー：
hBP07-007"
hBP07,hBP07-007,桃鈴ねね,https://hololive-official-cardgame.com/cardlist/?id=1918&%2Fcardlist%2Fcardsearch_ex=&expansion=hBP07&view=image,https://hololive-official-cardgame.com/wp-content/images/cardlist/hBP07/hBP07-007_SEC.png,2026年03月13日(金),ブースターパック「ディーヴァフィーバー」,イラストレーター名：イルディカードナンバー：hBP07-007,0,,"カードタイプ
推しホロメン
レアリティ
SEC
収録商品
ブースターパック「ディーヴァフィーバー」
色
LIFE
5
推しスキル
[ホロパワー：-2]
スーパーねぽらぼエナジー
[ターンに1回]自分のアーカイブのエールを自分の#5期生を持つ2ndホロメン全員に1枚ずつ送る。
SP推しスキル
[ホロパワー：-1]
ねねちの大・暴・走！
[ゲームに1回]自分のデッキから、Debutホロメンの〈桃鈴ねね〉1～4枚を公開し、ステージに出す。そしてデッキをシャッフルする。
イラストレーター名：
イルディ
カードナンバー：
hBP07-007"
hBP07,hBP07-009,角巻わため,https://hololive-official-cardgame.com/cardlist/?id=1919&%2Fcardlist%2Fcardsearch_ex=&expansion=hBP07&view=image,https://hololive-official-cardgame.com/wp-content/images/cardlist/hBP07/hBP07-009_S.png,2026年03月13日(金),ブースターパック「ディーヴァフィーバー」,イラストレーター名：もとからカードナンバー：hBP07-009,0,,"カードタイプ
ホロメン
タグ
#JP
#4期生
#ケモミミ
#歌
レアリティ
S
収録商品
ブースターパック「ディーヴァフィーバー」
色
HP
130
Bloomレベル
Debut
バトンタッチ
アーツ
ガブガブ！　20+
[センターポジション限定]このアーツ+20。
イラストレーター名：
もとから
カードナンバー：
hBP07-009"
hBP07,hBP07-010,角巻わため,https://hololive-official-cardgame.com/cardlist/?id=1920&%2Fcardlist%2Fcardsearch_ex=&expansion=hBP07&view=image,https://hololive-official-cardgame.com/wp-content/images/cardlist/hBP07/hBP07-010_S.png,2026年03月13日(金),ブースターパック「ディーヴァフィーバー」,イラストレーター名：松浦健人カードナンバー：hBP07-010,0,,"カードタイプ
ホロメン
タグ
#JP
#4期生
#ケモミミ
#歌
レアリティ
S
収録商品
ブースターパック「ディーヴァフィーバー」
色
HP
170
Bloomレベル
1st
バトンタッチ
キーワード
みんなー！ 楽しむぞおおー！！！！！
自分のデッキの上から1枚をホロパワーにする。その後、自分のホロパワーを見る。その中から1枚を手札に加える。そしてホロパワーをシャッフルする。
アーツ
みんなの声聞けるかなー？？？？？？？　40
イラストレーター名：
松浦健人
カードナンバー：
hBP07-010"
hBP07,hBP07-011,角巻わため,https://hololive-official-cardgame.com/cardlist/?id=1921&%2Fcardlist%2Fcardsearch_ex=&expansion=hBP07&view=image,https://hololive-official-cardgame.com/wp-content/images/cardlist/hBP07/hBP07-011_S.png,2026年03月13日(金),ブースターパック「ディーヴァフィーバー」,イラストレーター名：ふじさわ犬一カードナンバー：hBP07-011,0,,"カードタイプ
ホロメン
タグ
#JP
#4期生
#ケモミミ
#歌
レアリティ
S
収録商品
ブースターパック「ディーヴァフィーバー」
色
HP
140
Bloomレベル
1st
バトンタッチ
キーワード
グルグルシープ
自分のデッキから、1stホロメンの〈角巻わため〉1枚を公開し、手札に加える。そしてデッキをシャッフルする。自分のブルームエフェクト「グルグルシープ」はターンに1回しか使えない。
アーツ
これボタン弾けちゃうよぉ　70
このホロメンに白エールが2枚以上付いているなら、このアーツに必要な無色-1。
イラストレーター名：
ふじさわ犬一
カードナンバー：
hBP07-011"
hBP07,hBP07-012,角巻わため,https://hololive-official-cardgame.com/cardlist/?id=1922&%2Fcardlist%2Fcardsearch_ex=&expansion=hBP07&view=image,https://hololive-official-cardgame.com/wp-content/images/cardlist/hBP07/hBP07-012_SR.png,2026年03月13日(金),ブースターパック「ディーヴァフィーバー」,イラストレーター名：saihateカードナンバー：hBP07-012,0,,"カードタイプ
ホロメン
タグ
#JP
#4期生
#ケモミミ
#歌
レアリティ
SR
収録商品
ブースターパック「ディーヴァフィーバー」
色
HP
190
Bloomレベル
1st
バトンタッチ
キーワード
わたビーーーーーーーム！！！！！！
相手のセンターホロメンかコラボホロメンに特殊ダメージ30を与える。その後、相手は、自身のデッキを1枚引く。
アーツ
わたキャノンもだ！　20
自分のデッキを1枚引く。
イラストレーター名：
saihate
カードナンバー：
hBP07-012"
hBP07,hBP07-013,角巻わため,https://hololive-official-cardgame.com/cardlist/?id=1923&%2Fcardlist%2Fcardsearch_ex=&expansion=hBP07&view=image,https://hololive-official-cardgame.com/wp-content/images/cardlist/hBP07/hBP07-013_S.png,2026年03月13日(金),ブースターパック「ディーヴァフィーバー」,イラストレーター名：佐倉おりこカードナンバー：hBP07-013,0,,"カードタイプ
ホロメン
タグ
#JP
#4期生
#ケモミミ
#歌
レアリティ
S
収録商品
ブースターパック「ディーヴァフィーバー」
色
HP
210
Bloomレベル
2nd
バトンタッチ
キーワード
はばないすでーい！！！
このターンの間、自分のステージの〈角巻わため〉全員のアーツ+20。その後、自分のセンターホロメンにエールが6枚以上付いているなら、自分のデッキを2枚引く。
アーツ
センキューオーバーシープ！　90+
このホロメンに付いている〈わためいと〉1枚につき、このアーツ+50。
イラストレーター名：
佐倉おりこ
カードナンバー：
hBP07-013"
hBP07,hBP07-014,角巻わため,https://hololive-official-cardgame.com/cardlist/?id=1924&%2Fcardlist%2Fcardsearch_ex=&expansion=hBP07&view=image,https://hololive-official-cardgame.com/wp-content/images/cardlist/hBP07/hBP07-014_SR.png,2026年03月13日(金),ブースターパック「ディーヴァフィーバー」,イラストレーター名：砂利さや(か)カードナンバー：hBP07-014,0,,"カードタイプ
ホロメン
タグ
#JP
#4期生
#ケモミミ
#歌
レアリティ
SR
収録商品
ブースターパック「ディーヴァフィーバー」
色
HP
200
Bloomレベル
2nd
バトンタッチ
キーワード
キュートセクシー
このホロメンに重なっているホロメン1枚につき、このホロメンのHP+10。
アーツ
脳天直撃わためハンマー！　160
[センターポジション限定]このアーツで相手のホロメンをダウンさせた時、与えたダメージが残りHPをオーバーしていたなら、相手の2ndホロメン1人に、オーバーしたダメージと同じ数値の特殊ダメージを与える。
イラストレーター名：
砂利さや(か)
カードナンバー：
hBP07-014"
hBP07,hBP07-014,角巻わため,https://hololive-official-cardgame.com/cardlist/?id=1925&%2Fcardlist%2Fcardsearch_ex=&expansion=hBP07&view=image,https://hololive-official-cardgame.com/wp-content/images/cardlist/hBP07/hBP07-014_UR.png,2026年03月13日(金),ブースターパック「ディーヴァフィーバー」,イラストレーター名：砂利さや(か)カードナンバー：hBP07-014,0,,"カードタイプ
ホロメン
タグ
#JP
#4期生
#ケモミミ
#歌
レアリティ
UR
収録商品
ブースターパック「ディーヴァフィーバー」
色
HP
200
Bloomレベル
2nd
バトンタッチ
キーワード
キュートセクシー
このホロメンに重なっているホロメン1枚につき、このホロメンのHP+10。
アーツ
脳天直撃わためハンマー！　160
[センターポジション限定]このアーツで相手のホロメンをダウンさせた時、与えたダメージが残りHPをオーバーしていたなら、相手の2ndホロメン1人に、オーバーしたダメージと同じ数値の特殊ダメージを与える。
イラストレーター名：
砂利さや(か)
カードナンバー：
hBP07-014"
hBP07,hBP07-016,ベスティア・ゼータ,https://hololive-official-cardgame.com/cardlist/?id=1926&%2Fcardlist%2Fcardsearch_ex=&expansion=hBP07&view=image,https://hololive-official-cardgame.com/wp-content/images/cardlist/hBP07/hBP07-016_S.png,2026年03月13日(金),ブースターパック「ディーヴァフィーバー」,イラストレーター名：すなれカードナンバー：hBP07-016,0,,"カードタイプ
ホロメン
タグ
#ID
#ID3期生
レアリティ
S
収録商品
ブースターパック「ディーヴァフィーバー」
色
HP
120
Bloomレベル
Debut
バトンタッチ
キーワード
Pat the BAZO
このホロメンにマスコットが付いているなら、このホロメンのHP+30。
アーツ
So, Tell Me Your Secrets?　20
イラストレーター名：
すなれ
カードナンバー：
hBP07-016"
hBP07,hBP07-017,ベスティア・ゼータ,https://hololive-official-cardgame.com/cardlist/?id=1927&%2Fcardlist%2Fcardsearch_ex=&expansion=hBP07&view=image,https://hololive-official-cardgame.com/wp-content/images/cardlist/hBP07/hBP07-017_S.png,2026年03月13日(金),ブースターパック「ディーヴァフィーバー」,イラストレーター名：のり恋カードナンバー：hBP07-017,0,,"カードタイプ
ホロメン
タグ
#ID
#ID3期生
レアリティ
S
収録商品
ブースターパック「ディーヴァフィーバー」
色
HP
170
Bloomレベル
1st
バトンタッチ
キーワード
holoh3ro Shopping
[センターポジション限定]自分の#ID3期生を持つBuzzホロメンがコラボした時、自分のステージのホロメン1人を選ぶ。このターンの間、選んだホロメンのアーツ+30。
アーツ
みんなと一緒にいる時間が好き　50
イラストレーター名：
のり恋
カードナンバー：
hBP07-017"
hBP07,hBP07-018,ベスティア・ゼータ,https://hololive-official-cardgame.com/cardlist/?id=1928&%2Fcardlist%2Fcardsearch_ex=&expansion=hBP07&view=image,https://hololive-official-cardgame.com/wp-content/images/cardlist/hBP07/hBP07-018_S.png,2026年03月13日(金),ブースターパック「ディーヴァフィーバー」,イラストレーター名：順弐カードナンバー：hBP07-018,0,,"カードタイプ
ホロメン
タグ
#ID
#ID3期生
レアリティ
S
収録商品
ブースターパック「ディーヴァフィーバー」
色
HP
160
Bloomレベル
1st
バトンタッチ
キーワード
Horse Doko?
自分のデッキの上から1枚を公開する。公開したカードがサポートカードなら、そのカードを手札に加える。サポートカード以外なら、そのカードをデッキの上に戻す。
アーツ
うまみ～うまみ～♪　30+
このターンに自分がイベントを使っていたなら、このアーツ+30。
イラストレーター名：
順弐
カードナンバー：
hBP07-018"
hBP07,hBP07-019,ベスティア・ゼータ,https://hololive-official-cardgame.com/cardlist/?id=1929&%2Fcardlist%2Fcardsearch_ex=&expansion=hBP07&view=image,https://hololive-official-cardgame.com/wp-content/images/cardlist/hBP07/hBP07-019_SR.png,2026年03月13日(金),ブースターパック「ディーヴァフィーバー」,イラストレーター名：有芳カードナンバー：hBP07-019,0,,"カードタイプ
Buzzホロメン
タグ
#ID
#ID3期生
レアリティ
SR
収録商品
ブースターパック「ディーヴァフィーバー」
色
HP
230
Bloomレベル
1st
バトンタッチ
キーワード
準備万端！
自分のデッキから、[〈BAZO〉か〈Zecretary〉]1枚を公開し、自分の〈ベスティア・ゼータ〉に付ける。そしてデッキをシャッフルする。
アーツ
ホロライブID初代ダンスクイーン　50
このホロメンにマスコットかファンが付いているなら、自分のデッキを1枚引く。
エクストラ
このホロメンがダウンした時、自分のライフ-2
イラストレーター名：
有芳
カードナンバー：
hBP07-019"
hBP07,hBP07-020,ベスティア・ゼータ,https://hololive-official-cardgame.com/cardlist/?id=1930&%2Fcardlist%2Fcardsearch_ex=&expansion=hBP07&view=image,https://hololive-official-cardgame.com/wp-content/images/cardlist/hBP07/hBP07-020_S.png,2026年03月13日(金),ブースターパック「ディーヴァフィーバー」,イラストレーター名：mint-tanカードナンバー：hBP07-020,1,"Q: Q hBP07-020〈ベスティア・ゼータ〉のコラボエフェクト「Ya ya ya ya ya～!」は、残りのHPが90以下の相手のホロメンに使用した場合、HPはどうなりますか？
A: A 相手のホロメンの残りのHPは100になります。","カードタイプ
ホロメン
タグ
#ID
#ID3期生
レアリティ
S
収録商品
ブースターパック「ディーヴァフィーバー」
色
HP
200
Bloomレベル
2nd
バトンタッチ
キーワード
Ya ya ya ya ya～!
サイコロを1回振る。奇数なら、相手のセンターポジションの2ndホロメンの残りHPを100にする。
アーツ
もっとパフォーマンスしたい！　100
イラストレーター名：
mint-tan
カードナンバー：
hBP07-020"
hBP07,hBP07-021,ベスティア・ゼータ,https://hololive-official-cardgame.com/cardlist/?id=1931&%2Fcardlist%2Fcardsearch_ex=&expansion=hBP07&view=image,https://hololive-official-cardgame.com/wp-content/images/cardlist/hBP07/hBP07-021_SR.png,2026年03月13日(金),ブースターパック「ディーヴァフィーバー」,イラストレーター名：しちがつカードナンバー：hBP07-021,0,,"カードタイプ
ホロメン
タグ
#ID
#ID3期生
レアリティ
SR
収録商品
ブースターパック「ディーヴァフィーバー」
色
HP
200
Bloomレベル
2nd
バトンタッチ
キーワード
任務手伝ってくれる？
自分のアーカイブの[〈BAZO〉か〈Zecretary〉]1枚を自分のホロメンに付ける。
アーツ
最高のシークレットエージェント　160+
自分のステージに#ID3期生を持つBuzzホロメンがいるなら、このアーツ+40。
イラストレーター名：
しちがつ
カードナンバー：
hBP07-021"
hBP07,hBP07-021,ベスティア・ゼータ,https://hololive-official-cardgame.com/cardlist/?id=1932&%2Fcardlist%2Fcardsearch_ex=&expansion=hBP07&view=image,https://hololive-official-cardgame.com/wp-content/images/cardlist/hBP07/hBP07-021_UR.png,2026年03月13日(金),ブースターパック「ディーヴァフィーバー」,イラストレーター名：しちがつカードナンバー：hBP07-021,0,,"カードタイプ
ホロメン
タグ
#ID
#ID3期生
レアリティ
UR
収録商品
ブースターパック「ディーヴァフィーバー」
色
HP
200
Bloomレベル
2nd
バトンタッチ
キーワード
任務手伝ってくれる？
自分のアーカイブの[〈BAZO〉か〈Zecretary〉]1枚を自分のホロメンに付ける。
アーツ
最高のシークレットエージェント　160+
自分のステージに#ID3期生を持つBuzzホロメンがいるなら、このアーツ+40。
イラストレーター名：
しちがつ
カードナンバー：
hBP07-021"
hBP07,hBP07-022,白銀ノエル,https://hololive-official-cardgame.com/cardlist/?id=1933&%2Fcardlist%2Fcardsearch_ex=&expansion=hBP07&view=image,https://hololive-official-cardgame.com/wp-content/images/cardlist/hBP07/hBP07-022_SR.png,2026年03月13日(金),ブースターパック「ディーヴァフィーバー」,イラストレーター名：宮谷里沙カードナンバー：hBP07-022,1,"Q: Q hBP07-022〈白銀ノエル〉のギフト「筋肉は裏切らない！」の能力でホロメンを戻した場合、ライフダメージはどうなりますか？
A: A この場合、ライフダメージは通常通り処理されます。","カードタイプ
ホロメン
タグ
#JP
#3期生
#お酒
レアリティ
SR
収録商品
ブースターパック「ディーヴァフィーバー」
色
HP
220
Bloomレベル
2nd
バトンタッチ
キーワード
筋肉は裏切らない！
[コラボポジション限定]相手のターンで、自分の#3期生を持つセンターホロメンがダウンした時、そのホロメンを含め重なっているホロメンすべてを手札に戻す。
アーツ
元気もりもりさんでーまっする　50
自分の#3期生を持つホロメン1人を選ぶ。このターンの間、選んだホロメンのアーツに必要な無色-1。そのホロメンが2ndホロメンの〈白銀ノエル〉なら、かわりに、そのアーツに必要な無色-2。
イラストレーター名：
宮谷里沙
カードナンバー：
hBP07-022"
hBP07,hBP07-024,大神ミオ,https://hololive-official-cardgame.com/cardlist/?id=1934&%2Fcardlist%2Fcardsearch_ex=&expansion=hBP07&view=image,https://hololive-official-cardgame.com/wp-content/images/cardlist/hBP07/hBP07-024_S.png,2026年03月13日(金),ブースターパック「ディーヴァフィーバー」,イラストレーター名：イマフクカードナンバー：hBP07-024,0,,"カードタイプ
ホロメン
タグ
#JP
#ゲーマーズ
#ケモミミ
#料理
レアリティ
S
収録商品
ブースターパック「ディーヴァフィーバー」
色
HP
130
Bloomレベル
Debut
バトンタッチ
キーワード
ウチの大切な家族
[ターンに1回]このホロメンに〈ミオファ〉が付いた時、自分のデッキを1枚引く。
アーツ
今日もいっぱい笑っていこう　10+
自分のデッキの上から1枚をアーカイブできる。アーカイブしたカードがサポートカードなら、このアーツ+30。
イラストレーター名：
イマフク
カードナンバー：
hBP07-024"
hBP07,hBP07-025,大神ミオ,https://hololive-official-cardgame.com/cardlist/?id=1935&%2Fcardlist%2Fcardsearch_ex=&expansion=hBP07&view=image,https://hololive-official-cardgame.com/wp-content/images/cardlist/hBP07/hBP07-025_S.png,2026年03月13日(金),ブースターパック「ディーヴァフィーバー」,イラストレーター名：ERIMOカードナンバー：hBP07-025,0,,"カードタイプ
ホロメン
タグ
#JP
#ゲーマーズ
#ケモミミ
#料理
レアリティ
S
収録商品
ブースターパック「ディーヴァフィーバー」
色
HP
170
Bloomレベル
1st
バトンタッチ
キーワード
抹茶パフェ～！きゅんです
自分のサポートカードが付いている#ゲーマーズを持つホロメン1人を選ぶ。このターンの間、選んだホロメンのアーツ+20。
アーツ
ゲーマーズカフェへようこそ　20
自分のアーカイブのエール1枚を自分の#ゲーマーズを持つホロメンに送る。
イラストレーター名：
ERIMO
カードナンバー：
hBP07-025"
hBP07,hBP07-026,大神ミオ,https://hololive-official-cardgame.com/cardlist/?id=1936&%2Fcardlist%2Fcardsearch_ex=&expansion=hBP07&view=image,https://hololive-official-cardgame.com/wp-content/images/cardlist/hBP07/hBP07-026_S.png,2026年03月13日(金),ブースターパック「ディーヴァフィーバー」,イラストレーター名：イマフクカードナンバー：hBP07-026,0,,"カードタイプ
ホロメン
タグ
#JP
#ゲーマーズ
#ケモミミ
#料理
レアリティ
S
収録商品
ブースターパック「ディーヴァフィーバー」
色
HP
140
Bloomレベル
1st
バトンタッチ
キーワード
早く来ないかな…
自分のデッキから、[〈ハトタウロス〉か〈ミオファ〉]1枚を公開し、手札に加える。そしてデッキをシャッフルする。
アーツ
ちょっとお洒落な感じでしょ？　40
イラストレーター名：
イマフク
カードナンバー：
hBP07-026"
hBP07,hBP07-027,大神ミオ,https://hololive-official-cardgame.com/cardlist/?id=1937&%2Fcardlist%2Fcardsearch_ex=&expansion=hBP07&view=image,https://hololive-official-cardgame.com/wp-content/images/cardlist/hBP07/hBP07-027_SR.png,2026年03月13日(金),ブースターパック「ディーヴァフィーバー」,イラストレーター名：イマフクカードナンバー：hBP07-027,0,,"カードタイプ
ホロメン
タグ
#JP
#ゲーマーズ
#ケモミミ
#料理
レアリティ
SR
収録商品
ブースターパック「ディーヴァフィーバー」
色
HP
160
Bloomレベル
1st
バトンタッチ
キーワード
ハートの女王の采配
このホロメン以外の自分のバックホロメン1人を選ぶ。このターンの間、選んだホロメンのアーツ+30。
アーツ
女王陛下と呼びなさい　70
[センターポジション限定]このアーツで相手のホロメンをダウンさせた時、自分のデッキを1枚引く。
イラストレーター名：
イマフク
カードナンバー：
hBP07-027"
hBP07,hBP07-028,大神ミオ,https://hololive-official-cardgame.com/cardlist/?id=1938&%2Fcardlist%2Fcardsearch_ex=&expansion=hBP07&view=image,https://hololive-official-cardgame.com/wp-content/images/cardlist/hBP07/hBP07-028_S.png,2026年03月13日(金),ブースターパック「ディーヴァフィーバー」,イラストレーター名：泉彩カードナンバー：hBP07-028,1,"Q: Q hBP07-106〈ハトタウロス〉が付いているhBP07-028〈大神ミオ〉がコラボした時、hBP07-106〈ハトタウロス〉の能力とコラボエフェクト「金瞳の綺羅星」の能力はどちらから処理されますか?
A: A どちらも「コラボした時」に使える能力であるため、好きな順番で処理ができます。","カードタイプ
ホロメン
タグ
#JP
#ゲーマーズ
#ケモミミ
#料理
レアリティ
S
収録商品
ブースターパック「ディーヴァフィーバー」
色
HP
200
Bloomレベル
2nd
バトンタッチ
キーワード
金瞳の綺羅星
自分のデッキの上から2枚を見る。その中から、カード1枚を手札に加える。そして残ったカードをデッキの上に戻す。
アーツ
天まで届け、みんなの願い　90+
自分のデッキの上から1枚をアーカイブできる。アーカイブしたカードがサポートカードなら、このアーツ+50。
イラストレーター名：
泉彩
カードナンバー：
hBP07-028"
hBP07,hBP07-029,大神ミオ,https://hololive-official-cardgame.com/cardlist/?id=1939&%2Fcardlist%2Fcardsearch_ex=&expansion=hBP07&view=image,https://hololive-official-cardgame.com/wp-content/images/cardlist/hBP07/hBP07-029_SR.png,2026年03月13日(金),ブースターパック「ディーヴァフィーバー」,イラストレーター名：もも寝子カードナンバー：hBP07-029,1,"Q: Q 残りHPが10の、サポートカードが付いているhBP07-029〈大神ミオ〉が10ダメージを受けてダウンしました。 この場合、ギフト「緑の地母神」の能力で50回復してステージに残ることはできますか？
A: A いいえ、できません。 先にダウン処理によってアーカイブに置かれます。","カードタイプ
ホロメン
タグ
#JP
#ゲーマーズ
#ケモミミ
#料理
レアリティ
SR
収録商品
ブースターパック「ディーヴァフィーバー」
色
HP
200
Bloomレベル
2nd
バトンタッチ
キーワード
緑の地母神
[ターンに1回]相手のターンで、このホロメンがダメージを受けた時、このホロメンにサポートカードが付いているなら、このホロメンのHP50回復。
アーツ
Upright Leading　130+
自分のデッキの上から1枚をアーカイブできる。アーカイブしたカードがホロメンなら、自分のエールデッキの上から1枚を自分のホロメンに送る。サポートカードなら、このアーツ+50。
イラストレーター名：
もも寝子
カードナンバー：
hBP07-029"
hBP07,hBP07-029,大神ミオ,https://hololive-official-cardgame.com/cardlist/?id=1940&%2Fcardlist%2Fcardsearch_ex=&expansion=hBP07&view=image,https://hololive-official-cardgame.com/wp-content/images/cardlist/hBP07/hBP07-029_UR.png,2026年03月13日(金),ブースターパック「ディーヴァフィーバー」,イラストレーター名：もも寝子カードナンバー：hBP07-029,1,"Q: Q 残りHPが10の、サポートカードが付いているhBP07-029〈大神ミオ〉が10ダメージを受けてダウンしました。 この場合、ギフト「緑の地母神」の能力で50回復してステージに残ることはできますか？
A: A いいえ、できません。 先にダウン処理によってアーカイブに置かれます。","カードタイプ
ホロメン
タグ
#JP
#ゲーマーズ
#ケモミミ
#料理
レアリティ
UR
収録商品
ブースターパック「ディーヴァフィーバー」
色
HP
200
Bloomレベル
2nd
バトンタッチ
キーワード
緑の地母神
[ターンに1回]相手のターンで、このホロメンがダメージを受けた時、このホロメンにサポートカードが付いているなら、このホロメンのHP50回復。
アーツ
Upright Leading　130+
自分のデッキの上から1枚をアーカイブできる。アーカイブしたカードがホロメンなら、自分のエールデッキの上から1枚を自分のホロメンに送る。サポートカードなら、このアーツ+50。
イラストレーター名：
もも寝子
カードナンバー：
hBP07-029"
hBP07,hBP07-030,風真いろは,https://hololive-official-cardgame.com/cardlist/?id=1941&%2Fcardlist%2Fcardsearch_ex=&expansion=hBP07&view=image,https://hololive-official-cardgame.com/wp-content/images/cardlist/hBP07/hBP07-030_SR.png,2026年03月13日(金),ブースターパック「ディーヴァフィーバー」,イラストレーター名：うごんばカードナンバー：hBP07-030,1,"Q: Q hBP07-030〈風真いろは〉のブルームエフェクト「holoRêve -いろは-」の「BuzzホロメンからBloomした時」とは、どういう意味ですか？
A: A hBP07-030〈風真いろは〉の真下にあるカードがBuzzホロメンである状態を指します。","カードタイプ
ホロメン
タグ
#JP
#秘密結社holoX
レアリティ
SR
収録商品
ブースターパック「ディーヴァフィーバー」
色
HP
210
Bloomレベル
2nd
バトンタッチ
キーワード
holoRêve -いろは-
BuzzホロメンからBloomした時、自分のホロメン1人のHP100回復。
アーツ
たくさんの宝物　100
このホロメンのエール2枚をアーカイブできる：自分のデッキを2枚引く。
イラストレーター名：
うごんば
カードナンバー：
hBP07-030"
hBP07,hBP07-031,アイラニ・イオフィフティーン,https://hololive-official-cardgame.com/cardlist/?id=1942&%2Fcardlist%2Fcardsearch_ex=&expansion=hBP07&view=image,https://hololive-official-cardgame.com/wp-content/images/cardlist/hBP07/hBP07-031_SR.png,2026年03月13日(金),ブースターパック「ディーヴァフィーバー」,イラストレーター名：よもさかカードナンバー：hBP07-031,0,,"カードタイプ
Buzzホロメン
タグ
#ID
#ID1期生
#絵
レアリティ
SR
収録商品
ブースターパック「ディーヴァフィーバー」
色
HP
240
Bloomレベル
1st
バトンタッチ
キーワード
この輝きが私達！
自分のホロパワーの上から2枚をアーカイブできる：自分のデッキを2枚引く。
アーツ
ひとつになる声　50
自分の推しホロメンの色が緑か青か黄なら、自分のデッキの上から1枚をホロパワーにする。
エクストラ
このホロメンがダウンした時、自分のライフ-2
イラストレーター名：
よもさか
カードナンバー：
hBP07-031"
hBP07,hBP07-033,輪堂千速,https://hololive-official-cardgame.com/cardlist/?id=1943&%2Fcardlist%2Fcardsearch_ex=&expansion=hBP07&view=image,https://hololive-official-cardgame.com/wp-content/images/cardlist/hBP07/hBP07-033_S.png,2026年03月13日(金),ブースターパック「ディーヴァフィーバー」,イラストレーター名：あやせりんカードナンバー：hBP07-033,0,,"カードタイプ
ホロメン
タグ
#DEV_IS
#FLOW GLOW
レアリティ
S
収録商品
ブースターパック「ディーヴァフィーバー」
色
HP
160
Bloomレベル
1st
バトンタッチ
キーワード
ティールマーメイド
自分のこのターンにBloomした#FLOW GLOWを持つホロメン1人を選ぶ。このターンの間、選んだホロメンのアーツ+30。
アーツ
～Something blue～ 千速　50
イラストレーター名：
あやせりん
カードナンバー：
hBP07-033"
hBP07,hBP07-034,輪堂千速,https://hololive-official-cardgame.com/cardlist/?id=1944&%2Fcardlist%2Fcardsearch_ex=&expansion=hBP07&view=image,https://hololive-official-cardgame.com/wp-content/images/cardlist/hBP07/hBP07-034_SR.png,2026年03月13日(金),ブースターパック「ディーヴァフィーバー」,イラストレーター名：Honshinカードナンバー：hBP07-034,0,,"カードタイプ
ホロメン
タグ
#DEV_IS
#FLOW GLOW
レアリティ
SR
収録商品
ブースターパック「ディーヴァフィーバー」
色
HP
190
Bloomレベル
1st
バトンタッチ
キーワード
ぶいぶい走らせるぞ！！！
自分のステージのエール1枚をアーカイブできる：自分のデッキから、#FLOW GLOWを持つ[Debutホロメンか1stホロメンかSpotホロメン]1枚を公開し、手札に加える。そしてデッキをシャッフルする。
アーツ
どっちが速いｶﾅ？！？！？！　20+
このホロメンに〈ふぐ太郎〉が付いているなら、このアーツ+10。
イラストレーター名：
Honshin
カードナンバー：
hBP07-034"
hBP07,hBP07-035,輪堂千速,https://hololive-official-cardgame.com/cardlist/?id=1945&%2Fcardlist%2Fcardsearch_ex=&expansion=hBP07&view=image,https://hololive-official-cardgame.com/wp-content/images/cardlist/hBP07/hBP07-035_SR.png,2026年03月13日(金),ブースターパック「ディーヴァフィーバー」,イラストレーター名：むっちりしいたけカードナンバー：hBP07-035,0,,"カードタイプ
ホロメン
タグ
#DEV_IS
#FLOW GLOW
レアリティ
SR
収録商品
ブースターパック「ディーヴァフィーバー」
色
HP
190
Bloomレベル
2nd
バトンタッチ
キーワード
Give Me Hype!!
このターンに自分の#FLOW GLOWを持つホロメンがBloomした回数1回につき、自分のエールデッキの上から1枚をこのホロメンに送る。
アーツ
サージングエキゾースト　160
このホロメンのエールを数えて、そのすべてを好きな順でエールデッキの下に戻す。その後、自分の手札がこの能力で戻したエールの枚数と同じになるまで、自分のデッキを引く。
イラストレーター名：
むっちりしいたけ
カードナンバー：
hBP07-035"
hBP07,hBP07-035,輪堂千速,https://hololive-official-cardgame.com/cardlist/?id=1946&%2Fcardlist%2Fcardsearch_ex=&expansion=hBP07&view=image,https://hololive-official-cardgame.com/wp-content/images/cardlist/hBP07/hBP07-035_UR.png,2026年03月13日(金),ブースターパック「ディーヴァフィーバー」,イラストレーター名：むっちりしいたけカードナンバー：hBP07-035,0,,"カードタイプ
ホロメン
タグ
#DEV_IS
#FLOW GLOW
レアリティ
UR
収録商品
ブースターパック「ディーヴァフィーバー」
色
HP
190
Bloomレベル
2nd
バトンタッチ
キーワード
Give Me Hype!!
このターンに自分の#FLOW GLOWを持つホロメンがBloomした回数1回につき、自分のエールデッキの上から1枚をこのホロメンに送る。
アーツ
サージングエキゾースト　160
このホロメンのエールを数えて、そのすべてを好きな順でエールデッキの下に戻す。その後、自分の手札がこの能力で戻したエールの枚数と同じになるまで、自分のデッキを引く。
イラストレーター名：
むっちりしいたけ
カードナンバー：
hBP07-035"
hBP07,hBP07-037,赤井はあと,https://hololive-official-cardgame.com/cardlist/?id=1947&%2Fcardlist%2Fcardsearch_ex=&expansion=hBP07&view=image,https://hololive-official-cardgame.com/wp-content/images/cardlist/hBP07/hBP07-037_S.png,2026年03月13日(金),ブースターパック「ディーヴァフィーバー」,イラストレーター名：ミーたろうカードナンバー：hBP07-037,0,,"カードタイプ
ホロメン
タグ
#JP
#1期生
#料理
レアリティ
S
収録商品
ブースターパック「ディーヴァフィーバー」
色
HP
100
Bloomレベル
Debut
バトンタッチ
キーワード
ちゃまと旅する！
自分のセンターホロメンが〈赤井はあと〉なら、自分のデッキを1枚引く。
アーツ
旅はまだ、始まったばかり。　20
イラストレーター名：
ミーたろう
カードナンバー：
hBP07-037"
hBP07,hBP07-038,赤井はあと,https://hololive-official-cardgame.com/cardlist/?id=1948&%2Fcardlist%2Fcardsearch_ex=&expansion=hBP07&view=image,https://hololive-official-cardgame.com/wp-content/images/cardlist/hBP07/hBP07-038_S.png,2026年03月13日(金),ブースターパック「ディーヴァフィーバー」,イラストレーター名：時坂まことカードナンバー：hBP07-038,0,,"カードタイプ
ホロメン
タグ
#JP
#1期生
#料理
レアリティ
S
収録商品
ブースターパック「ディーヴァフィーバー」
色
HP
150
Bloomレベル
1st
バトンタッチ
キーワード
幻獣グルメハンター
サイコロを1回振る。奇数なら、相手のセンターホロメンに特殊ダメージ20を与える。偶数なら、自分のデッキを1枚引く。
アーツ
hololiveEN0　30
このターンの間、自分のステージの#ENを持つホロメン全員のアーツ+20。
イラストレーター名：
時坂まこと
カードナンバー：
hBP07-038"
hBP07,hBP07-039,赤井はあと,https://hololive-official-cardgame.com/cardlist/?id=1949&%2Fcardlist%2Fcardsearch_ex=&expansion=hBP07&view=image,https://hololive-official-cardgame.com/wp-content/images/cardlist/hBP07/hBP07-039_S.png,2026年03月13日(金),ブースターパック「ディーヴァフィーバー」,イラストレーター名：mihoカードナンバー：hBP07-039,1,"Q: Q 自分のステージにhBP07-039〈赤井はあと〉とhBP07-040〈赤井はあと〉がいる時、hBP07-40〈赤井はあと〉のコラボエフェクト「Haachama ♥ Restaurant」の能力で、バックポジションの〈赤井はあと〉をデッキの下に戻しました。 この場合、hBP07-004〈赤井はあと〉の推しステージスキル「はあちゃまなう」とhBP07-039〈赤井はあと〉のギフト「血ゃ舞ってる奴いる！？」のどちらから処理しますか？
A: A hBP07-004〈赤井はあと〉とhBP07-039〈赤井はあと〉持つプレイヤーが好きな順番で処理します。","カードタイプ
ホロメン
タグ
#JP
#1期生
#料理
レアリティ
S
収録商品
ブースターパック「ディーヴァフィーバー」
色
HP
160
Bloomレベル
1st
バトンタッチ
キーワード
血ゃ舞ってる奴いる！？
[ターンに1回]自分のターンで、自分の〈赤井はあと〉がステージからデッキに戻った時、自分のアーカイブのエール1枚をこのホロメンに送れる。
アーツ
俺の名は〝ちゃまお〟漢の中の漢だ！　50
相手のセンターホロメンに特殊ダメージ20を与える。
イラストレーター名：
miho
カードナンバー：
hBP07-039"
hBP07,hBP07-040,赤井はあと,https://hololive-official-cardgame.com/cardlist/?id=1950&%2Fcardlist%2Fcardsearch_ex=&expansion=hBP07&view=image,https://hololive-official-cardgame.com/wp-content/images/cardlist/hBP07/hBP07-040_SR.png,2026年03月13日(金),ブースターパック「ディーヴァフィーバー」,イラストレーター名：すすもくカードナンバー：hBP07-040,3,"Q: Q hBP07-040〈赤井はあと〉のコラボエフェクト「Haachama ♥ Restaurant」の能力で、自分の〈赤井はあと〉がデッキに戻る場合、好きな順番でデッキの下に戻せますか？
A: A はい、戻せます。

Q: Q hBP07-040〈赤井はあと〉のコラボエフェクト「Haachama ♥ Restaurant」の能力で、自分の〈赤井はあと〉がデッキに戻る場合、その〈赤井はあと〉に付いているカードもデッキに戻りますか？
A: A いいえ、戻りません。 付いているカードはすべてアーカイブされます。

Q: Q 自分のステージにhBP07-039〈赤井はあと〉とhBP07-040〈赤井はあと〉がいる時、hBP07-40〈赤井はあと〉のコラボエフェクト「Haachama ♥ Restaurant」の能力で、バックポジションの〈赤井はあと〉をデッキの下に戻しました。 この場合、hBP07-004〈赤井はあと〉の推しステージスキル「はあちゃまなう」とhBP07-039〈赤井はあと〉のギフト「血ゃ舞ってる奴いる！？」のどちらから処理しますか？
A: A hBP07-004〈赤井はあと〉とhBP07-039〈赤井はあと〉持つプレイヤーが好きな順番で処理します。","カードタイプ
ホロメン
タグ
#JP
#1期生
#料理
レアリティ
SR
収録商品
ブースターパック「ディーヴァフィーバー」
色
HP
170
Bloomレベル
1st
バトンタッチ
キーワード
Haachama ♥ Restaurant
自分のバックポジションのDebutホロメンの〈赤井はあと〉1人をデッキの下に戻せる：自分のデッキから、Buzz以外の[1stホロメンか2ndホロメン]1枚を公開し、手札に加える。そしてデッキをシャッフルする。
アーツ
当店自慢のはあとんバーガー！　40
イラストレーター名：
すすもく
カードナンバー：
hBP07-040"
hBP07,hBP07-041,赤井はあと,https://hololive-official-cardgame.com/cardlist/?id=1951&%2Fcardlist%2Fcardsearch_ex=&expansion=hBP07&view=image,https://hololive-official-cardgame.com/wp-content/images/cardlist/hBP07/hBP07-041_S.png,2026年03月13日(金),ブースターパック「ディーヴァフィーバー」,イラストレーター名：みかん。カードナンバー：hBP07-041,0,,"カードタイプ
ホロメン
タグ
#JP
#1期生
#料理
レアリティ
S
収録商品
ブースターパック「ディーヴァフィーバー」
色
HP
200
Bloomレベル
2nd
バトンタッチ
キーワード
EVERYBODY SAY HENTAI
相手のコラボホロメンに特殊ダメージ50を与える。
アーツ
万物に愛されちゃま計画　80+
自分のステージのエールすべてが赤エールなら、このアーツ+20。
イラストレーター名：
みかん。
カードナンバー：
hBP07-041"
hBP07,hBP07-042,赤井はあと,https://hololive-official-cardgame.com/cardlist/?id=1952&%2Fcardlist%2Fcardsearch_ex=&expansion=hBP07&view=image,https://hololive-official-cardgame.com/wp-content/images/cardlist/hBP07/hBP07-042_SR.png,2026年03月13日(金),ブースターパック「ディーヴァフィーバー」,イラストレーター名：夕城カードナンバー：hBP07-042,0,,"カードタイプ
ホロメン
タグ
#JP
#1期生
#料理
レアリティ
SR
収録商品
ブースターパック「ディーヴァフィーバー」
色
HP
200
Bloomレベル
2nd
バトンタッチ
アーツ
純心タランテラ　80
相手のセンターホロメンとコラボホロメンに特殊ダメージ40を与える。
アーツ
幸せへの旅路　140+
このターンに自分のホロメンがステージからデッキに戻っていたなら、このアーツ+50。
イラストレーター名：
夕城
カードナンバー：
hBP07-042"
hBP07,hBP07-042,赤井はあと,https://hololive-official-cardgame.com/cardlist/?id=1953&%2Fcardlist%2Fcardsearch_ex=&expansion=hBP07&view=image,https://hololive-official-cardgame.com/wp-content/images/cardlist/hBP07/hBP07-042_UR.png,2026年03月13日(金),ブースターパック「ディーヴァフィーバー」,イラストレーター名：夕城カードナンバー：hBP07-042,0,,"カードタイプ
ホロメン
タグ
#JP
#1期生
#料理
レアリティ
UR
収録商品
ブースターパック「ディーヴァフィーバー」
色
HP
200
Bloomレベル
2nd
バトンタッチ
アーツ
純心タランテラ　80
相手のセンターホロメンとコラボホロメンに特殊ダメージ40を与える。
アーツ
幸せへの旅路　140+
このターンに自分のホロメンがステージからデッキに戻っていたなら、このアーツ+50。
イラストレーター名：
夕城
カードナンバー：
hBP07-042"
hBP07,hBP07-043,さくらみこ,https://hololive-official-cardgame.com/cardlist/?id=1954&%2Fcardlist%2Fcardsearch_ex=&expansion=hBP07&view=image,https://hololive-official-cardgame.com/wp-content/images/cardlist/hBP07/hBP07-043_SR.png,2026年03月13日(金),ブースターパック「ディーヴァフィーバー」,イラストレーター名：うごんばカードナンバー：hBP07-043,1,"Q: Q hBP03-107〈35P〉が2枚付いているhBP07-043〈さくらみこ〉がアーツ「桜は花に顕る」を使いました。 この場合、アーツの能力で引けるカードは何枚になりますか？
A: A 2枚となります。","カードタイプ
ホロメン
タグ
#JP
#0期生
#ベイビー
レアリティ
SR
収録商品
ブースターパック「ディーヴァフィーバー」
色
HP
210
Bloomレベル
2nd
バトンタッチ
キーワード
holoRêve -みこ-
3か5を選ぶ。このターンの間、自分の推しホロメンの〈さくらみこ〉と自分のステージの〈さくらみこ〉の能力でサイコロを振る時、そのサイコロの目の数すべてを選んだ数として扱う。
アーツ
桜は花に顕る　70+
このホロメンに付いている〈35P〉1枚につき、このアーツ+70し、自分のデッキを1枚引く。
イラストレーター名：
うごんば
カードナンバー：
hBP07-043"
hBP07,hBP07-044,尾丸ポルカ,https://hololive-official-cardgame.com/cardlist/?id=1955&%2Fcardlist%2Fcardsearch_ex=&expansion=hBP07&view=image,https://hololive-official-cardgame.com/wp-content/images/cardlist/hBP07/hBP07-044_SR.png,2026年03月13日(金),ブースターパック「ディーヴァフィーバー」,イラストレーター名：nimaカードナンバー：hBP07-044,1,"Q: Q 自分のセンターホロメンがhBP07-044〈尾丸ポルカ〉の時、hBP01-126〈座員〉が付いているhBP01-071〈尾丸ポルカ〉がダウンしました。 この場合、ライフダメージはいくつになりますか？
A: A この場合、hBP07-044〈尾丸ポルカ〉のギフト「The Show Must Go On」の能力によって減るライフが-1となるため、ライフダメージは1となります。","カードタイプ
ホロメン
タグ
#JP
#5期生
#ケモミミ
レアリティ
SR
収録商品
ブースターパック「ディーヴァフィーバー」
色
HP
200
Bloomレベル
2nd
バトンタッチ
キーワード
The Show Must Go On
[センターポジション・コラボポジション限定]相手のターンで、自分のファンが付いているBuzzホロメンがダウンした時、自分の推しホロメンが〈尾丸ポルカ〉なら、自分の減るライフ-1。
アーツ
スタッフファーストです！　120
自分のデッキの上から2枚をアーカイブする。その後、自分のアーカイブのスタッフ1枚を手札に戻せる。
イラストレーター名：
nima
カードナンバー：
hBP07-044"
hBP07,hBP07-045,ハコス・ベールズ,https://hololive-official-cardgame.com/cardlist/?id=1956&%2Fcardlist%2Fcardsearch_ex=&expansion=hBP07&view=image,https://hololive-official-cardgame.com/wp-content/images/cardlist/hBP07/hBP07-045_SR.png,2026年03月13日(金),ブースターパック「ディーヴァフィーバー」,イラストレーター名：ムロマキカードナンバー：hBP07-045,0,,"カードタイプ
Buzzホロメン
タグ
#EN
#Promise
#ケモミミ
レアリティ
SR
収録商品
ブースターパック「ディーヴァフィーバー」
色
HP
230
Bloomレベル
1st
バトンタッチ
キーワード
テンション上がってきた！
[センターポジション・コラボポジション限定]自分のSP推しスキルを使った時、自分のデッキの上から1枚をホロパワーにする。
アーツ
キミがいないと楽しくないもん　20+
自分の手札1枚につき、このアーツ+20。
エクストラ
このホロメンがダウンした時、自分のライフ-2
イラストレーター名：
ムロマキ
カードナンバー：
hBP07-045"
hBP07,hBP07-047,エリザベス・ローズ・ブラッドフレイム,https://hololive-official-cardgame.com/cardlist/?id=1957&%2Fcardlist%2Fcardsearch_ex=&expansion=hBP07&view=image,https://hololive-official-cardgame.com/wp-content/images/cardlist/hBP07/hBP07-047_S.png,2026年03月13日(金),ブースターパック「ディーヴァフィーバー」,イラストレーター名：やもカードナンバー：hBP07-047,0,,"カードタイプ
ホロメン
タグ
#EN
#Justice
#歌
レアリティ
S
収録商品
ブースターパック「ディーヴァフィーバー」
色
HP
120
Bloomレベル
1st
バトンタッチ
キーワード
…Very well.
自分の推しホロメンが〈エリザベス・ローズ・ブラッドフレイム〉なら、自分のデッキの上から1枚をホロパワーにする。
アーツ
さあ、かかってくるといい　50
イラストレーター名：
やも
カードナンバー：
hBP07-047"
hBP07,hBP07-048,エリザベス・ローズ・ブラッドフレイム,https://hololive-official-cardgame.com/cardlist/?id=1958&%2Fcardlist%2Fcardsearch_ex=&expansion=hBP07&view=image,https://hololive-official-cardgame.com/wp-content/images/cardlist/hBP07/hBP07-048_SR.png,2026年03月13日(金),ブースターパック「ディーヴァフィーバー」,イラストレーター名：はまなしカードナンバー：hBP07-048,1,"Q: Q hBP07-048〈エリザベス・ローズ・ブラッドフレイム〉のギフト「Queen of Impersonation」の能力で、自分のhSD13-007〈エリザベス・ローズ・ブラッドフレイム〉のアーツ「悪斬りのカデンツァ」を相手の紫ホロメンに使いました。 この場合、アーツ「悪斬りのカデンツァ」が持っている紫特攻＋50は計算されますか？
A: A はい、されます。","カードタイプ
ホロメン
タグ
#EN
#Justice
#歌
レアリティ
SR
収録商品
ブースターパック「ディーヴァフィーバー」
色
HP
260
Bloomレベル
1st
バトンタッチ
キーワード
Queen of Impersonation
このホロメンは、自分のステージの#ENを持つホロメン全員のアーツを、すべて使える（アーツを使うためのエールは必要）。
アーツ
Because I love people's voices　60
自分のアーカイブの#ENを持つホロメン1枚を手札に戻す。
エクストラ
このホロメンがダウンした時、自分のライフ-2
イラストレーター名：
はまなし
カードナンバー：
hBP07-048"
hBP07,hBP07-049,エリザベス・ローズ・ブラッドフレイム,https://hololive-official-cardgame.com/cardlist/?id=1959&%2Fcardlist%2Fcardsearch_ex=&expansion=hBP07&view=image,https://hololive-official-cardgame.com/wp-content/images/cardlist/hBP07/hBP07-049_SR.png,2026年03月13日(金),ブースターパック「ディーヴァフィーバー」,イラストレーター名：TOH.カードナンバー：hBP07-049,0,,"カードタイプ
ホロメン
タグ
#EN
#Justice
#歌
レアリティ
SR
収録商品
ブースターパック「ディーヴァフィーバー」
色
HP
210
Bloomレベル
2nd
バトンタッチ
キーワード
絢爛のアインザッツ
[センターポジション・コラボポジション限定]自分のホロメンが相手のホロメンをダウンさせた時、自分のホロメン1人を選ぶ。このターンの間、選んだホロメン1人のアーツに必要な無色-2。
アーツ
不撓のコンチェルタート　130+
自分のライフが4以下なら、このアーツ+30。自分のライフが2以下なら、かわりに、このアーツ+60。
イラストレーター名：
TOH.
カードナンバー：
hBP07-049"
hBP07,hBP07-049,エリザベス・ローズ・ブラッドフレイム,https://hololive-official-cardgame.com/cardlist/?id=1960&%2Fcardlist%2Fcardsearch_ex=&expansion=hBP07&view=image,https://hololive-official-cardgame.com/wp-content/images/cardlist/hBP07/hBP07-049_UR.png,2026年03月13日(金),ブースターパック「ディーヴァフィーバー」,イラストレーター名：TOH.カードナンバー：hBP07-049,0,,"カードタイプ
ホロメン
タグ
#EN
#Justice
#歌
レアリティ
UR
収録商品
ブースターパック「ディーヴァフィーバー」
色
HP
210
Bloomレベル
2nd
バトンタッチ
キーワード
絢爛のアインザッツ
[センターポジション・コラボポジション限定]自分のホロメンが相手のホロメンをダウンさせた時、自分のホロメン1人を選ぶ。このターンの間、選んだホロメン1人のアーツに必要な無色-2。
アーツ
不撓のコンチェルタート　130+
自分のライフが4以下なら、このアーツ+30。自分のライフが2以下なら、かわりに、このアーツ+60。
イラストレーター名：
TOH.
カードナンバー：
hBP07-049"
hBP07,hBP07-051,オーロ・クロニー,https://hololive-official-cardgame.com/cardlist/?id=1961&%2Fcardlist%2Fcardsearch_ex=&expansion=hBP07&view=image,https://hololive-official-cardgame.com/wp-content/images/cardlist/hBP07/hBP07-051_S.png,2026年03月13日(金),ブースターパック「ディーヴァフィーバー」,イラストレーター名：洋歩カードナンバー：hBP07-051,0,,"カードタイプ
ホロメン
タグ
#EN
#Promise
レアリティ
S
収録商品
ブースターパック「ディーヴァフィーバー」
色
HP
130
Bloomレベル
Debut
バトンタッチ
キーワード
TAKE YOUR TIME
自分のステージのエール1枚をこのホロメン以外の自分の#Promiseを持つホロメンに付け替えられる。
アーツ
Check This Out Yo 🕶️　30
イラストレーター名：
洋歩
カードナンバー：
hBP07-051"
hBP07,hBP07-052,オーロ・クロニー,https://hololive-official-cardgame.com/cardlist/?id=1962&%2Fcardlist%2Fcardsearch_ex=&expansion=hBP07&view=image,https://hololive-official-cardgame.com/wp-content/images/cardlist/hBP07/hBP07-052_S.png,2026年03月13日(金),ブースターパック「ディーヴァフィーバー」,イラストレーター名：ムロマキカードナンバー：hBP07-052,0,,"カードタイプ
ホロメン
タグ
#EN
#Promise
レアリティ
S
収録商品
ブースターパック「ディーヴァフィーバー」
色
HP
160
Bloomレベル
1st
バトンタッチ
キーワード
お時間ですわ！
自分のアーカイブのマスコット1枚をこのホロメンに付けられる。
アーツ
私の新キャッチフレーズ。どうだい？　30+
自分のステージに〈オーロ・クロニー〉以外の#Promiseを持つホロメンがいるなら、このアーツ+10。
イラストレーター名：
ムロマキ
カードナンバー：
hBP07-052"
hBP07,hBP07-053,オーロ・クロニー,https://hololive-official-cardgame.com/cardlist/?id=1963&%2Fcardlist%2Fcardsearch_ex=&expansion=hBP07&view=image,https://hololive-official-cardgame.com/wp-content/images/cardlist/hBP07/hBP07-053_S.png,2026年03月13日(金),ブースターパック「ディーヴァフィーバー」,イラストレーター名：saihateカードナンバー：hBP07-053,0,,"カードタイプ
ホロメン
タグ
#EN
#Promise
レアリティ
S
収録商品
ブースターパック「ディーヴァフィーバー」
色
HP
150
Bloomレベル
1st
バトンタッチ
キーワード
時を超えた約束
自分のステージの#Promiseを持つホロメン1人を選ぶ。このターンの間、選んだホロメンのアーツ+20。
アーツ
Everlasting Flower　50
自分のエールデッキの上から1枚を自分の#Promiseを持つホロメンに送る。
イラストレーター名：
saihate
カードナンバー：
hBP07-053"
hBP07,hBP07-054,オーロ・クロニー,https://hololive-official-cardgame.com/cardlist/?id=1964&%2Fcardlist%2Fcardsearch_ex=&expansion=hBP07&view=image,https://hololive-official-cardgame.com/wp-content/images/cardlist/hBP07/hBP07-054_SR.png,2026年03月13日(金),ブースターパック「ディーヴァフィーバー」,イラストレーター名：GULIカードナンバー：hBP07-054,0,,"カードタイプ
Buzzホロメン
タグ
#EN
#Promise
レアリティ
SR
収録商品
ブースターパック「ディーヴァフィーバー」
色
HP
250
Bloomレベル
1st
バトンタッチ
アーツ
I'm pretty shy…uwu　50
自分のエールデッキの上から1枚を自分の#Promiseを持つBuzzホロメンに送る。
エクストラ
このホロメンがダウンした時、自分のライフ-2
イラストレーター名：
GULI
カードナンバー：
hBP07-054"
hBP07,hBP07-055,オーロ・クロニー,https://hololive-official-cardgame.com/cardlist/?id=1965&%2Fcardlist%2Fcardsearch_ex=&expansion=hBP07&view=image,https://hololive-official-cardgame.com/wp-content/images/cardlist/hBP07/hBP07-055_S.png,2026年03月13日(金),ブースターパック「ディーヴァフィーバー」,イラストレーター名：玲汰カードナンバー：hBP07-055,0,,"カードタイプ
ホロメン
タグ
#EN
#Promise
レアリティ
S
収録商品
ブースターパック「ディーヴァフィーバー」
色
HP
190
Bloomレベル
2nd
バトンタッチ
キーワード
約束の未来へ
自分のステージの#Promiseを持つホロメン1人を選ぶ。このターンの間、選んだホロメンのアーツ+50。
アーツ
Life Goes On　90
イラストレーター名：
玲汰
カードナンバー：
hBP07-055"
hBP07,hBP07-056,オーロ・クロニー,https://hololive-official-cardgame.com/cardlist/?id=1966&%2Fcardlist%2Fcardsearch_ex=&expansion=hBP07&view=image,https://hololive-official-cardgame.com/wp-content/images/cardlist/hBP07/hBP07-056_SR.png,2026年03月13日(金),ブースターパック「ディーヴァフィーバー」,イラストレーター名：Wan1カードナンバー：hBP07-056,1,"Q: Q hBP07-056〈オーロ・クロニー〉のギフト「時界を統べし者」の能力で、このカードを他の〈オーロ・クロニー〉にBloomさせることはできますか？
A: A いいえ、できません。","カードタイプ
ホロメン
タグ
#EN
#Promise
レアリティ
SR
収録商品
ブースターパック「ディーヴァフィーバー」
色
HP
200
Bloomレベル
2nd
バトンタッチ
キーワード
時界を統べし者
[センターポジション限定]自分のパフォーマンスステップが開始する時、このホロメン以外の自分の〈オーロ・クロニー〉1人を、このホロメンに重なっているホロメンを使ってBloomできる。
アーツ
You're not ready for me.　80+
このホロメンのエール1枚を自分の他の#Promiseを持つホロメンに付け替えられる。その後、自分の推しホロメンが〈オーロ・クロニー〉なら、このアーツ+100。
イラストレーター名：
Wan1
カードナンバー：
hBP07-056"
hBP07,hBP07-056,オーロ・クロニー,https://hololive-official-cardgame.com/cardlist/?id=1967&%2Fcardlist%2Fcardsearch_ex=&expansion=hBP07&view=image,https://hololive-official-cardgame.com/wp-content/images/cardlist/hBP07/hBP07-056_UR.png,2026年03月13日(金),ブースターパック「ディーヴァフィーバー」,イラストレーター名：Wan1カードナンバー：hBP07-056,1,"Q: Q hBP07-056〈オーロ・クロニー〉のギフト「時界を統べし者」の能力で、このカードを他の〈オーロ・クロニー〉にBloomさせることはできますか？
A: A いいえ、できません。","カードタイプ
ホロメン
タグ
#EN
#Promise
レアリティ
UR
収録商品
ブースターパック「ディーヴァフィーバー」
色
HP
200
Bloomレベル
2nd
バトンタッチ
キーワード
時界を統べし者
[センターポジション限定]自分のパフォーマンスステップが開始する時、このホロメン以外の自分の〈オーロ・クロニー〉1人を、このホロメンに重なっているホロメンを使ってBloomできる。
アーツ
You're not ready for me.　80+
このホロメンのエール1枚を自分の他の#Promiseを持つホロメンに付け替えられる。その後、自分の推しホロメンが〈オーロ・クロニー〉なら、このアーツ+100。
イラストレーター名：
Wan1
カードナンバー：
hBP07-056"
hBP07,hBP07-057,猫又おかゆ,https://hololive-official-cardgame.com/cardlist/?id=1968&%2Fcardlist%2Fcardsearch_ex=&expansion=hBP07&view=image,https://hololive-official-cardgame.com/wp-content/images/cardlist/hBP07/hBP07-057_SR.png,2026年03月13日(金),ブースターパック「ディーヴァフィーバー」,イラストレーター名：バシコウカードナンバー：hBP07-057,0,,"カードタイプ
ホロメン
タグ
#JP
#ゲーマーズ
#ケモミミ
レアリティ
SR
収録商品
ブースターパック「ディーヴァフィーバー」
色
HP
200
Bloomレベル
2nd
バトンタッチ
キーワード
君と遊ぶとドキドキしちゃう…
相手のホロメン1人に特殊ダメージ30を与える。
アーツ
おりゃー！！油断したでしょ～　100
自分の推しホロメンが〈猫又おかゆ〉で、相手のHPが100以上減っているバックホロメンがいるなら、相手のホロメン1人に特殊ダメージ50を与える。
イラストレーター名：
バシコウ
カードナンバー：
hBP07-057"
hBP07,hBP07-058,こぼ・かなえる,https://hololive-official-cardgame.com/cardlist/?id=1969&%2Fcardlist%2Fcardsearch_ex=&expansion=hBP07&view=image,https://hololive-official-cardgame.com/wp-content/images/cardlist/hBP07/hBP07-058_SR.png,2026年03月13日(金),ブースターパック「ディーヴァフィーバー」,イラストレーター名：のり恋カードナンバー：hBP07-058,0,,"カードタイプ
ホロメン
タグ
#ID
#ID3期生
レアリティ
SR
収録商品
ブースターパック「ディーヴァフィーバー」
色
HP
160
Bloomレベル
1st
バトンタッチ
キーワード
Happy For You
自分のエールデッキから、自分のステージの#ID3期生を持つホロメン1人と同色のエール1枚を公開し、自分のホロメンに送る。そしてエールデッキをシャッフルする。
アーツ
MANTAP LEE!!　60
相手のHPが減っているバックホロメンが3人以上いるなら、自分のデッキを2枚引く。
イラストレーター名：
のり恋
カードナンバー：
hBP07-058"
hBP07,hBP07-060,シオリ・ノヴェラ,https://hololive-official-cardgame.com/cardlist/?id=1970&%2Fcardlist%2Fcardsearch_ex=&expansion=hBP07&view=image,https://hololive-official-cardgame.com/wp-content/images/cardlist/hBP07/hBP07-060_S.png,2026年03月13日(金),ブースターパック「ディーヴァフィーバー」,イラストレーター名：ちひろ綺華カードナンバー：hBP07-060,0,,"カードタイプ
ホロメン
タグ
#EN
#Advent
レアリティ
S
収録商品
ブースターパック「ディーヴァフィーバー」
色
HP
190
Bloomレベル
1st
バトンタッチ
アーツ
食料解剖　10
アーツ
Don't Let Her Cook!　50
このアーツは、自分のアーカイブにサポートカードが4枚以上なければ使えない。
イラストレーター名：
ちひろ綺華
カードナンバー：
hBP07-060"
hBP07,hBP07-061,シオリ・ノヴェラ,https://hololive-official-cardgame.com/cardlist/?id=1971&%2Fcardlist%2Fcardsearch_ex=&expansion=hBP07&view=image,https://hololive-official-cardgame.com/wp-content/images/cardlist/hBP07/hBP07-061_SR.png,2026年03月13日(金),ブースターパック「ディーヴァフィーバー」,イラストレーター名：EEJUカードナンバー：hBP07-061,0,,"カードタイプ
ホロメン
タグ
#EN
#Advent
レアリティ
SR
収録商品
ブースターパック「ディーヴァフィーバー」
色
HP
140
Bloomレベル
1st
バトンタッチ
キーワード
A New Chapter Begins!
自分の推しホロメンが〈シオリ・ノヴェラ〉なら、自分のデッキの上から4枚を見る。その中から、サポートカード1枚を公開し、手札に加える。そして残ったカードを好きな順でデッキの下に戻す。
アーツ
逃がす訳がないでしょう？　20
相手のバックホロメン1人に特殊ダメージ20を与える。
イラストレーター名：
EEJU
カードナンバー：
hBP07-061"
hBP07,hBP07-062,シオリ・ノヴェラ,https://hololive-official-cardgame.com/cardlist/?id=1972&%2Fcardlist%2Fcardsearch_ex=&expansion=hBP07&view=image,https://hololive-official-cardgame.com/wp-content/images/cardlist/hBP07/hBP07-062_SR.png,2026年03月13日(金),ブースターパック「ディーヴァフィーバー」,イラストレーター名：那桜カードナンバー：hBP07-062,0,,"カードタイプ
ホロメン
タグ
#EN
#Advent
レアリティ
SR
収録商品
ブースターパック「ディーヴァフィーバー」
色
HP
200
Bloomレベル
2nd
バトンタッチ
キーワード
A New Crime & A New Me
自分の手札のサポートカード2枚をアーカイブできる：自分のステージのホロメン1人を選ぶ。このターンの間、選んだホロメンのアーツ+50。
アーツ
解き放たれた禁断の知識　60+
自分のアーカイブのエール1枚を自分の#Adventを持つホロメンに送る。その後、自分の推しホロメンが〈シオリ・ノヴェラ〉で、このホロメンにエールが4枚以上付いているなら、このアーツ+100。
イラストレーター名：
那桜
カードナンバー：
hBP07-062"
hBP07,hBP07-062,シオリ・ノヴェラ,https://hololive-official-cardgame.com/cardlist/?id=1973&%2Fcardlist%2Fcardsearch_ex=&expansion=hBP07&view=image,https://hololive-official-cardgame.com/wp-content/images/cardlist/hBP07/hBP07-062_UR.png,2026年03月13日(金),ブースターパック「ディーヴァフィーバー」,イラストレーター名：那桜カードナンバー：hBP07-062,0,,"カードタイプ
ホロメン
タグ
#EN
#Advent
レアリティ
UR
収録商品
ブースターパック「ディーヴァフィーバー」
色
HP
200
Bloomレベル
2nd
バトンタッチ
キーワード
A New Crime & A New Me
自分の手札のサポートカード2枚をアーカイブできる：自分のステージのホロメン1人を選ぶ。このターンの間、選んだホロメンのアーツ+50。
アーツ
解き放たれた禁断の知識　60+
自分のアーカイブのエール1枚を自分の#Adventを持つホロメンに送る。その後、自分の推しホロメンが〈シオリ・ノヴェラ〉で、このホロメンにエールが4枚以上付いているなら、このアーツ+100。
イラストレーター名：
那桜
カードナンバー：
hBP07-062"
hBP07,hBP07-064,AZKi,https://hololive-official-cardgame.com/cardlist/?id=1974&%2Fcardlist%2Fcardsearch_ex=&expansion=hBP07&view=image,https://hololive-official-cardgame.com/wp-content/images/cardlist/hBP07/hBP07-064_S.png,2026年03月13日(金),ブースターパック「ディーヴァフィーバー」,イラストレーター名：ぱとりカードナンバー：hBP07-064,0,,"カードタイプ
ホロメン
タグ
#JP
#0期生
#歌
レアリティ
S
収録商品
ブースターパック「ディーヴァフィーバー」
色
HP
130
Bloomレベル
Debut
バトンタッチ
アーツ
ゆっくりしにおいで♡　20
自分のデッキから、〈開拓者〉1枚を公開し、自分の〈AZKi〉に付ける。そしてデッキをシャッフルする。
イラストレーター名：
ぱとり
カードナンバー：
hBP07-064"
hBP07,hBP07-065,AZKi,https://hololive-official-cardgame.com/cardlist/?id=1975&%2Fcardlist%2Fcardsearch_ex=&expansion=hBP07&view=image,https://hololive-official-cardgame.com/wp-content/images/cardlist/hBP07/hBP07-065_S.png,2026年03月13日(金),ブースターパック「ディーヴァフィーバー」,イラストレーター名：ekaoカードナンバー：hBP07-065,0,,"カードタイプ
ホロメン
タグ
#JP
#0期生
#歌
レアリティ
S
収録商品
ブースターパック「ディーヴァフィーバー」
色
HP
190
Bloomレベル
1st
バトンタッチ
アーツ
盛り上がっていこう！　30
自分のデッキを1枚引いた後、手札1枚をアーカイブする。
アーツ
みんなの声聞かせてええええええ！！！　120
イラストレーター名：
ekao
カードナンバー：
hBP07-065"
hBP07,hBP07-066,AZKi,https://hololive-official-cardgame.com/cardlist/?id=1976&%2Fcardlist%2Fcardsearch_ex=&expansion=hBP07&view=image,https://hololive-official-cardgame.com/wp-content/images/cardlist/hBP07/hBP07-066_S.png,2026年03月13日(金),ブースターパック「ディーヴァフィーバー」,イラストレーター名：古弥月カードナンバー：hBP07-066,0,,"カードタイプ
ホロメン
タグ
#JP
#0期生
#歌
レアリティ
S
収録商品
ブースターパック「ディーヴァフィーバー」
色
HP
170
Bloomレベル
1st
バトンタッチ
キーワード
仮想世界の伴走する歌姫
自分のホロメン1人のHP30回復。その後、自分のステージのホロメン1人を選ぶ。このターンの間、選んだホロメンのアーツ+10。
アーツ
音楽と歌うことが大好き！　40
イラストレーター名：
古弥月
カードナンバー：
hBP07-066"
hBP07,hBP07-067,AZKi,https://hololive-official-cardgame.com/cardlist/?id=1977&%2Fcardlist%2Fcardsearch_ex=&expansion=hBP07&view=image,https://hololive-official-cardgame.com/wp-content/images/cardlist/hBP07/hBP07-067_SR.png,2026年03月13日(金),ブースターパック「ディーヴァフィーバー」,イラストレーター名：絢芽カードナンバー：hBP07-067,0,,"カードタイプ
ホロメン
タグ
#JP
#0期生
#歌
レアリティ
SR
収録商品
ブースターパック「ディーヴァフィーバー」
色
HP
150
Bloomレベル
1st
バトンタッチ
キーワード
ROMANTiC NiGHT
自分のデッキの上から4枚を見る。その中から、〈AZKi〉1枚を公開し、手札に加える。そして残ったカードを好きな順でデッキの下に戻す。
アーツ
君と二人きりの夜　40
自分の手札1枚をアーカイブできる：相手のセンターホロメンかコラボホロメンに特殊ダメージ20を与える。
イラストレーター名：
絢芽
カードナンバー：
hBP07-067"
hBP07,hBP07-068,AZKi,https://hololive-official-cardgame.com/cardlist/?id=1978&%2Fcardlist%2Fcardsearch_ex=&expansion=hBP07&view=image,https://hololive-official-cardgame.com/wp-content/images/cardlist/hBP07/hBP07-068_S.png,2026年03月13日(金),ブースターパック「ディーヴァフィーバー」,イラストレーター名：のずみカードナンバー：hBP07-068,1,"Q: Q 自分のhSD01-013〈SorAZ〉が1人いる時、hBP07-068〈AZKi〉がコラボしました。 この場合、コラボエフェクト「共に歩んできた軌跡」の能力で、hSD01-013〈SorAZ〉を〈ときのそら〉、〈SorAZ〉の2人分として数えることはできますか？
A: A いいえ、できません。","カードタイプ
ホロメン
タグ
#JP
#0期生
#歌
レアリティ
S
収録商品
ブースターパック「ディーヴァフィーバー」
色
HP
210
Bloomレベル
2nd
バトンタッチ
キーワード
共に歩んできた軌跡
このターンの間、自分のステージの異なるカード名の#0期生を持つホロメン1人につき、このホロメンのアーツ+20。
アーツ
ホワイトデーのお返し、待ってるね　100
イラストレーター名：
のずみ
カードナンバー：
hBP07-068"
hBP07,hBP07-069,AZKi,https://hololive-official-cardgame.com/cardlist/?id=1979&%2Fcardlist%2Fcardsearch_ex=&expansion=hBP07&view=image,https://hololive-official-cardgame.com/wp-content/images/cardlist/hBP07/hBP07-069_SR.png,2026年03月13日(金),ブースターパック「ディーヴァフィーバー」,イラストレーター名：竹花ノートカードナンバー：hBP07-069,1,"Q: Q 自分のアーカイブにhBP07-100〈フロンティアスピリット〉が3枚ある時、hBP07-069〈AZKi〉のアーツ「紡いだ軌跡 すべてに捧ぐ歌」の能力でホロパワーを4枚アーカイブしました。 その中にhBP07-100〈フロンティアスピリット〉がある場合、相手のライフを−1することはできますか？
A: A はい、できます。","カードタイプ
ホロメン
タグ
#JP
#0期生
#歌
レアリティ
SR
収録商品
ブースターパック「ディーヴァフィーバー」
色
HP
220
Bloomレベル
2nd
バトンタッチ
アーツ
君と新たな開拓の地へ　140
自分のデッキを2枚引く。
アーツ
紡いだ軌跡 すべてに捧ぐ歌　200
自分の推しホロメンが〈AZKi〉なら、自分のホロパワーの上から4枚をアーカイブできる：自分のアーカイブに〈フロンティアスピリット〉が4枚あるなら、相手のライフ-1。
イラストレーター名：
竹花ノート
カードナンバー：
hBP07-069"
hBP07,hBP07-069,AZKi,https://hololive-official-cardgame.com/cardlist/?id=1980&%2Fcardlist%2Fcardsearch_ex=&expansion=hBP07&view=image,https://hololive-official-cardgame.com/wp-content/images/cardlist/hBP07/hBP07-069_UR.png,2026年03月13日(金),ブースターパック「ディーヴァフィーバー」,イラストレーター名：竹花ノートカードナンバー：hBP07-069,1,"Q: Q 自分のアーカイブにhBP07-100〈フロンティアスピリット〉が3枚ある時、hBP07-069〈AZKi〉のアーツ「紡いだ軌跡 すべてに捧ぐ歌」の能力でホロパワーを4枚アーカイブしました。 その中にhBP07-100〈フロンティアスピリット〉がある場合、相手のライフを−1することはできますか？
A: A はい、できます。","カードタイプ
ホロメン
タグ
#JP
#0期生
#歌
レアリティ
UR
収録商品
ブースターパック「ディーヴァフィーバー」
色
HP
220
Bloomレベル
2nd
バトンタッチ
アーツ
君と新たな開拓の地へ　140
自分のデッキを2枚引く。
アーツ
紡いだ軌跡 すべてに捧ぐ歌　200
自分の推しホロメンが〈AZKi〉なら、自分のホロパワーの上から4枚をアーカイブできる：自分のアーカイブに〈フロンティアスピリット〉が4枚あるなら、相手のライフ-1。
イラストレーター名：
竹花ノート
カードナンバー：
hBP07-069"
hBP07,hBP07-070,癒月ちょこ,https://hololive-official-cardgame.com/cardlist/?id=1981&%2Fcardlist%2Fcardsearch_ex=&expansion=hBP07&view=image,https://hololive-official-cardgame.com/wp-content/images/cardlist/hBP07/hBP07-070_SR.png,2026年03月13日(金),ブースターパック「ディーヴァフィーバー」,イラストレーター名：Nardackカードナンバー：hBP07-070,0,,"カードタイプ
ホロメン
タグ
#JP
#2期生
#料理
レアリティ
SR
収録商品
ブースターパック「ディーヴァフィーバー」
色
HP
150
Bloomレベル
1st
バトンタッチ
キーワード
今日のご飯、何がいーい？
自分のデッキの上から3枚を見る。その中から、#料理を持つホロメン1枚を公開し、手札に加える。そして残ったカードを好きな順でデッキの下に戻す。
アーツ
がんばって美味しいの作るね♡　30
自分の#料理を持つホロメンを1人選ぶ。このターンに自分が使っていた#食べ物を持つイベント1枚につき、このターンの間、選んだホロメンのアーツに必要な無色-1。
イラストレーター名：
Nardack
カードナンバー：
hBP07-070"
hBP07,hBP07-071,ラプラス・ダークネス,https://hololive-official-cardgame.com/cardlist/?id=1982&%2Fcardlist%2Fcardsearch_ex=&expansion=hBP07&view=image,https://hololive-official-cardgame.com/wp-content/images/cardlist/hBP07/hBP07-071_S.png,2026年03月13日(金),ブースターパック「ディーヴァフィーバー」,イラストレーター名：ひとみゃんカードナンバー：hBP07-071,0,,"カードタイプ
ホロメン
タグ
#JP
#秘密結社holoX
#シューター
レアリティ
S
収録商品
ブースターパック「ディーヴァフィーバー」
色
HP
120
Bloomレベル
Debut
バトンタッチ
キーワード
おい、お前
自分のデッキの上から5枚を見る。その中から、Debutの紫ホロメン1枚を公開し、手札に加える。そして残ったカードを好きな順でデッキの下に戻す。
アーツ
手作りの朝ごはんを要求する　30
イラストレーター名：
ひとみゃん
カードナンバー：
hBP07-071"
hBP07,hBP07-072,ラプラス・ダークネス,https://hololive-official-cardgame.com/cardlist/?id=1983&%2Fcardlist%2Fcardsearch_ex=&expansion=hBP07&view=image,https://hololive-official-cardgame.com/wp-content/images/cardlist/hBP07/hBP07-072_S.png,2026年03月13日(金),ブースターパック「ディーヴァフィーバー」,イラストレーター名：墓無カードナンバー：hBP07-072,0,,"カードタイプ
ホロメン
タグ
#JP
#秘密結社holoX
#シューター
レアリティ
S
収録商品
ブースターパック「ディーヴァフィーバー」
色
HP
150
Bloomレベル
1st
バトンタッチ
キーワード
Secret Love -La+-
自分のステージの#秘密結社holoXを持つホロメン1人を選び、サイコロを3回振る。このターンの間、この能力で奇数が出た回数1回につき、選んだホロメンのアーツ+10。
アーツ
吾輩との秘密だぞ　60
イラストレーター名：
墓無
カードナンバー：
hBP07-072"
hBP07,hBP07-073,ラプラス・ダークネス,https://hololive-official-cardgame.com/cardlist/?id=1984&%2Fcardlist%2Fcardsearch_ex=&expansion=hBP07&view=image,https://hololive-official-cardgame.com/wp-content/images/cardlist/hBP07/hBP07-073_SR.png,2026年03月13日(金),ブースターパック「ディーヴァフィーバー」,イラストレーター名：ミュシャカードナンバー：hBP07-073,0,,"カードタイプ
ホロメン
タグ
#JP
#秘密結社holoX
#シューター
#歌
レアリティ
SR
収録商品
ブースターパック「ディーヴァフィーバー」
色
HP
170
Bloomレベル
1st
バトンタッチ
キーワード
ライブだー！！！！！！！！！
このターンの間、このホロメンのアーツに必要な無色-2。
アーツ
吾輩の歌聴いてくれる奴いるううう！？！？　30
自分のデッキから、〈ラプラス・ダークネス〉1枚を公開し、手札に加える。そしてデッキをシャッフルする。
イラストレーター名：
ミュシャ
カードナンバー：
hBP07-073"
hBP07,hBP07-074,ラプラス・ダークネス,https://hololive-official-cardgame.com/cardlist/?id=1985&%2Fcardlist%2Fcardsearch_ex=&expansion=hBP07&view=image,https://hololive-official-cardgame.com/wp-content/images/cardlist/hBP07/hBP07-074_SR.png,2026年03月13日(金),ブースターパック「ディーヴァフィーバー」,イラストレーター名：green322カードナンバー：hBP07-074,0,,"カードタイプ
ホロメン
タグ
#JP
#秘密結社holoX
#シューター
#歌
レアリティ
SR
収録商品
ブースターパック「ディーヴァフィーバー」
色
HP
200
Bloomレベル
2nd
バトンタッチ
キーワード
ラッシュ行きます
自分のデッキの上から3枚を見る。その中から、ホロメンを好きな枚数公開し、公開したホロメンを手札に加える。そして残ったカードを好きな順でデッキの下に戻す。
アーツ
吾輩の歌を聴けえええええええ！！！！　110+
自分のセンターホロメンの色が紫なら、このアーツ+40。
イラストレーター名：
green322
カードナンバー：
hBP07-074"
hBP07,hBP07-074,ラプラス・ダークネス,https://hololive-official-cardgame.com/cardlist/?id=1986&%2Fcardlist%2Fcardsearch_ex=&expansion=hBP07&view=image,https://hololive-official-cardgame.com/wp-content/images/cardlist/hBP07/hBP07-074_UR.png,2026年03月13日(金),ブースターパック「ディーヴァフィーバー」,イラストレーター名：green322カードナンバー：hBP07-074,0,,"カードタイプ
ホロメン
タグ
#JP
#秘密結社holoX
#シューター
#歌
レアリティ
UR
収録商品
ブースターパック「ディーヴァフィーバー」
色
HP
200
Bloomレベル
2nd
バトンタッチ
キーワード
ラッシュ行きます
自分のデッキの上から3枚を見る。その中から、ホロメンを好きな枚数公開し、公開したホロメンを手札に加える。そして残ったカードを好きな順でデッキの下に戻す。
アーツ
吾輩の歌を聴けえええええええ！！！！　110+
自分のセンターホロメンの色が紫なら、このアーツ+40。
イラストレーター名：
green322
カードナンバー：
hBP07-074"
hBP07,hBP07-075,古石ビジュー,https://hololive-official-cardgame.com/cardlist/?id=1987&%2Fcardlist%2Fcardsearch_ex=&expansion=hBP07&view=image,https://hololive-official-cardgame.com/wp-content/images/cardlist/hBP07/hBP07-075_SR.png,2026年03月13日(金),ブースターパック「ディーヴァフィーバー」,イラストレーター名：北田 藻カードナンバー：hBP07-075,1,"Q: Q hBP07-075〈古石ビジュー〉のギフト「闇夜のハンター」の「アーツの対象が自分のアーカイブのエールと同色の相手のホロメンなら」とは、どういう意味ですか？
A: A アーツの対象が自分のアーカイブにあるエールのいずれかの色と同色である場合を指します。 例として、白エールがあれば白ホロメン、緑エールがあれば緑ホロメンがアーツの対象であれば、このギフトの能力が発揮されます。","カードタイプ
ホロメン
タグ
#EN
#Advent
#ベイビー
レアリティ
SR
収録商品
ブースターパック「ディーヴァフィーバー」
色
HP
200
Bloomレベル
2nd
バトンタッチ
キーワード
闇夜のハンター
このホロメンのアーツの対象が自分のアーカイブのエールと同色の相手のホロメンなら、このホロメンのアーツダメージは軽減されない。
アーツ
CODE:81800　70+
このホロメンにエールが3枚以上付いているなら、お互いのアーカイブのエール1枚につき、このアーツ+10。
イラストレーター名：
北田 藻
カードナンバー：
hBP07-075"
hBP07,hBP07-076,ネリッサ・レイヴンクロフト,https://hololive-official-cardgame.com/cardlist/?id=1988&%2Fcardlist%2Fcardsearch_ex=&expansion=hBP07&view=image,https://hololive-official-cardgame.com/wp-content/images/cardlist/hBP07/hBP07-076_SR.png,2026年03月13日(金),ブースターパック「ディーヴァフィーバー」,イラストレーター名：Nardackカードナンバー：hBP07-076,0,,"カードタイプ
ホロメン
タグ
#EN
#Advent
#歌
#トリ
レアリティ
SR
収録商品
ブースターパック「ディーヴァフィーバー」
色
HP
260
Bloomレベル
1st
バトンタッチ
キーワード
SUGOISUGOIDEKAI
自分の推しホロメンが〈ネリッサ・レイヴンクロフト〉なら、自分のデッキを1枚引き、自分の手札1枚をホロパワーにする。
アーツ
あら、捕まえられちゃった！　50+
自分のホロパワー1枚をアーカイブできる：このアーツ+30。
エクストラ
このホロメンがダウンした時、自分のライフ-2
イラストレーター名：
Nardack
カードナンバー：
hBP07-076"
hBP07,hBP07-078,桃鈴ねね,https://hololive-official-cardgame.com/cardlist/?id=1989&%2Fcardlist%2Fcardsearch_ex=&expansion=hBP07&view=image,https://hololive-official-cardgame.com/wp-content/images/cardlist/hBP07/hBP07-078_S.png,2026年03月13日(金),ブースターパック「ディーヴァフィーバー」,イラストレーター名：朝日川日和カードナンバー：hBP07-078,0,,"カードタイプ
ホロメン
タグ
#JP
#5期生
#歌
#絵
レアリティ
S
収録商品
ブースターパック「ディーヴァフィーバー」
色
HP
110
Bloomレベル
Debut
バトンタッチ
キーワード
君もこっちにおいで～！
自分のデッキの上から5枚を見る。その中から、〈ねっ子〉1枚を公開し、手札に加える。そして残ったカードを好きな順でデッキの下に戻す。
アーツ
ねねと一緒に楽しもう！！　20
イラストレーター名：
朝日川日和
カードナンバー：
hBP07-078"
hBP07,hBP07-079,桃鈴ねね,https://hololive-official-cardgame.com/cardlist/?id=1990&%2Fcardlist%2Fcardsearch_ex=&expansion=hBP07&view=image,https://hololive-official-cardgame.com/wp-content/images/cardlist/hBP07/hBP07-079_S.png,2026年03月13日(金),ブースターパック「ディーヴァフィーバー」,イラストレーター名：西沢5㍉カードナンバー：hBP07-079,0,,"カードタイプ
ホロメン
タグ
#JP
#5期生
#歌
#絵
レアリティ
S
収録商品
ブースターパック「ディーヴァフィーバー」
色
HP
150
Bloomレベル
1st
バトンタッチ
キーワード
ねねちライブスタート！
自分のアーカイブのエール1枚をこのホロメンに送れる。
アーツ
ご自由にお使いください！　30
自分のデッキから、〈やめなー〉1枚を公開し、自分のホロメンに付ける。そしてデッキをシャッフルする。
イラストレーター名：
西沢5㍉
カードナンバー：
hBP07-079"
hBP07,hBP07-080,桃鈴ねね,https://hololive-official-cardgame.com/cardlist/?id=1991&%2Fcardlist%2Fcardsearch_ex=&expansion=hBP07&view=image,https://hololive-official-cardgame.com/wp-content/images/cardlist/hBP07/hBP07-080_S.png,2026年03月13日(金),ブースターパック「ディーヴァフィーバー」,イラストレーター名：成田タメゾウカードナンバー：hBP07-080,0,,"カードタイプ
ホロメン
タグ
#JP
#5期生
#歌
#絵
レアリティ
S
収録商品
ブースターパック「ディーヴァフィーバー」
色
HP
140
Bloomレベル
1st
バトンタッチ
キーワード
オレンジアイドル！
[ターンに1回]自分の推しホロメンが〈桃鈴ねね〉なら、自分のメインステップに使える：自分のアーカイブの〈ねっ子〉1枚をこのホロメンに付ける。
アーツ
さいくーにくぅわいい　40
イラストレーター名：
成田タメゾウ
カードナンバー：
hBP07-080"
hBP07,hBP07-081,桃鈴ねね,https://hololive-official-cardgame.com/cardlist/?id=1992&%2Fcardlist%2Fcardsearch_ex=&expansion=hBP07&view=image,https://hololive-official-cardgame.com/wp-content/images/cardlist/hBP07/hBP07-081_SR.png,2026年03月13日(金),ブースターパック「ディーヴァフィーバー」,イラストレーター名：兎未枝カードナンバー：hBP07-081,0,,"カードタイプ
ホロメン
タグ
#JP
#5期生
#歌
#絵
レアリティ
SR
収録商品
ブースターパック「ディーヴァフィーバー」
色
HP
180
Bloomレベル
1st
バトンタッチ
キーワード
桃鈴ねねは昆虫博士になる！
自分のホロパワーが4枚以上で、相手のコラボホロメンがいないなら、相手は、自身のバックホロメン1人をコラボポジションに移動させる（移動はコラボとしては扱わない）。
アーツ
君のハートをブルロック！　30
このホロメンに〈ギラファノコギリクワガタ〉が付いているなら、このアーツダメージは、アーツの対象のホロメンのかわりに、相手のセンターホロメンとコラボホロメンに与える。
イラストレーター名：
兎未枝
カードナンバー：
hBP07-081"
hBP07,hBP07-082,桃鈴ねね,https://hololive-official-cardgame.com/cardlist/?id=1993&%2Fcardlist%2Fcardsearch_ex=&expansion=hBP07&view=image,https://hololive-official-cardgame.com/wp-content/images/cardlist/hBP07/hBP07-082_S.png,2026年03月13日(金),ブースターパック「ディーヴァフィーバー」,イラストレーター名：すなれカードナンバー：hBP07-082,0,,"カードタイプ
ホロメン
タグ
#JP
#5期生
#歌
#絵
レアリティ
S
収録商品
ブースターパック「ディーヴァフィーバー」
色
HP
200
Bloomレベル
2nd
バトンタッチ
キーワード
ねぽらぼが最強です！！！！！！！！！！！！！
自分のデッキから、#5期生を持つ2ndホロメン1枚を公開し、手札に加える。そしてデッキをシャッフルする。
アーツ
アチョ～～～！　50
イラストレーター名：
すなれ
カードナンバー：
hBP07-082"
hBP07,hBP07-083,桃鈴ねね,https://hololive-official-cardgame.com/cardlist/?id=1994&%2Fcardlist%2Fcardsearch_ex=&expansion=hBP07&view=image,https://hololive-official-cardgame.com/wp-content/images/cardlist/hBP07/hBP07-083_SR.png,2026年03月13日(金),ブースターパック「ディーヴァフィーバー」,イラストレーター名：May.Lカードナンバー：hBP07-083,0,,"カードタイプ
ホロメン
タグ
#JP
#5期生
#歌
#絵
レアリティ
SR
収録商品
ブースターパック「ディーヴァフィーバー」
色
HP
200
Bloomレベル
2nd
バトンタッチ
キーワード
みんなのエナジードリンク
[センターポジション限定]次の相手のターン終了時まで、お互いのステージのホロメン全員のアーツ+40。さらに、自分のステージの2ndホロメンの〈桃鈴ねね〉全員のアーツ+60。
アーツ
オーバーチアリーディング　100
相手の[センターホロメンかコラボホロメン]のエール1枚をエールデッキの下に戻す。
イラストレーター名：
May.L
カードナンバー：
hBP07-083"
hBP07,hBP07-083,桃鈴ねね,https://hololive-official-cardgame.com/cardlist/?id=1995&%2Fcardlist%2Fcardsearch_ex=&expansion=hBP07&view=image,https://hololive-official-cardgame.com/wp-content/images/cardlist/hBP07/hBP07-083_UR.png,2026年03月13日(金),ブースターパック「ディーヴァフィーバー」,イラストレーター名：May.Lカードナンバー：hBP07-083,0,,"カードタイプ
ホロメン
タグ
#JP
#5期生
#歌
#絵
レアリティ
UR
収録商品
ブースターパック「ディーヴァフィーバー」
色
HP
200
Bloomレベル
2nd
バトンタッチ
キーワード
みんなのエナジードリンク
[センターポジション限定]次の相手のターン終了時まで、お互いのステージのホロメン全員のアーツ+40。さらに、自分のステージの2ndホロメンの〈桃鈴ねね〉全員のアーツ+60。
アーツ
オーバーチアリーディング　100
相手の[センターホロメンかコラボホロメン]のエール1枚をエールデッキの下に戻す。
イラストレーター名：
May.L
カードナンバー：
hBP07-083"
hBP07,hBP07-084,夏色まつり,https://hololive-official-cardgame.com/cardlist/?id=1996&%2Fcardlist%2Fcardsearch_ex=&expansion=hBP07&view=image,https://hololive-official-cardgame.com/wp-content/images/cardlist/hBP07/hBP07-084_SR.png,2026年03月13日(金),ブースターパック「ディーヴァフィーバー」,イラストレーター名：ななカードナンバー：hBP07-084,1,"Q: Q hBP07-084〈夏色まつり〉のギフト「一緒にゲームしよ」の能力で自分のアーカイブのLIMITEDのサポートカードをデッキの下に戻した場合、重なっているホロメンすべてを戻すことはできますか？
A: A いいえ、できません。 このカードのみを手札に戻し、他のカードは通常のダウン処理を行います。","カードタイプ
ホロメン
タグ
#JP
#1期生
#シューター
レアリティ
SR
収録商品
ブースターパック「ディーヴァフィーバー」
色
HP
210
Bloomレベル
2nd
バトンタッチ
キーワード
一緒にゲームしよ
相手のターンで、このホロメンがダウンした時、自分のアーカイブのLIMITEDのサポートカード1枚をデッキの下に戻せる。戻したなら、このホロメンをアーカイブするかわりに手札に戻す。
アーツ
やっぱり、FPSとか？　90
自分のアーカイブのエール1枚を自分のホロメンに送る。
イラストレーター名：
なな
カードナンバー：
hBP07-084"
hBP07,hBP07-085,不知火フレア,https://hololive-official-cardgame.com/cardlist/?id=1997&%2Fcardlist%2Fcardsearch_ex=&expansion=hBP07&view=image,https://hololive-official-cardgame.com/wp-content/images/cardlist/hBP07/hBP07-085_SR.png,2026年03月13日(金),ブースターパック「ディーヴァフィーバー」,イラストレーター名：宮谷里沙カードナンバー：hBP07-085,0,,"カードタイプ
ホロメン
タグ
#JP
#3期生
#ハーフエルフ
レアリティ
SR
収録商品
ブースターパック「ディーヴァフィーバー」
色
HP
170
Bloomレベル
1st
バトンタッチ
キーワード
私のとっておき！
自分のターンで、このホロメンがコラボポジションに移動した時、自分のデッキの上から3枚を見る。その中から、〈不知火フレア〉1枚を公開し、手札に加える。そして残ったカードをアーカイブする。
アーツ
元気いっぱいカラフルパフェ　20+
自分の推しホロメンが〈不知火フレア〉なら、自分の〈不知火フレア〉1人を選ぶ。このターンの間、選んだホロメンのエール1枚につき、選んだホロメンのアーツ+20。
イラストレーター名：
宮谷里沙
カードナンバー：
hBP07-085"
hBP07,hBP07-086,ジジ・ムリン,https://hololive-official-cardgame.com/cardlist/?id=1998&%2Fcardlist%2Fcardsearch_ex=&expansion=hBP07&view=image,https://hololive-official-cardgame.com/wp-content/images/cardlist/hBP07/hBP07-086_SR.png,2026年03月13日(金),ブースターパック「ディーヴァフィーバー」,イラストレーター名：ふじさわ犬一カードナンバー：hBP07-086,1,"Q: Q hBP07-086〈ジジ・ムリン〉のコラボエフェクト「執念のチェイサー」の能力は、相手のセンターホロメンやコラボホロメンが不在でも、バックホロメンを選んでアーツを使うことができますか？
A: A はい、できます。","カードタイプ
ホロメン
タグ
#EN
#Justice
レアリティ
SR
収録商品
ブースターパック「ディーヴァフィーバー」
色
HP
210
Bloomレベル
2nd
バトンタッチ
キーワード
執念のチェイサー
自分の〈ジジ・ムリン〉1人を選ぶ。このターンの間、選んだホロメンのアーツは、相手のHPが減っているバックホロメンも対象にできる。
アーツ
追撃のライオット　160+
このアーツの対象が、相手のHPが減っているホロメンなら、このアーツ+30。
イラストレーター名：
ふじさわ犬一
カードナンバー：
hBP07-086"
hBP07,hBP07-088,虎金妃笑虎,https://hololive-official-cardgame.com/cardlist/?id=1999&%2Fcardlist%2Fcardsearch_ex=&expansion=hBP07&view=image,https://hololive-official-cardgame.com/wp-content/images/cardlist/hBP07/hBP07-088_S.png,2026年03月13日(金),ブースターパック「ディーヴァフィーバー」,イラストレーター名：藤巳カードナンバー：hBP07-088,0,,"カードタイプ
ホロメン
タグ
#DEV_IS
#FLOW GLOW
レアリティ
S
収録商品
ブースターパック「ディーヴァフィーバー」
色
HP
160
Bloomレベル
1st
バトンタッチ
キーワード
虎の威
自分のバックポジションの#FLOW GLOWを持つ1stホロメン全員は相手から特殊ダメージを受けない。
アーツ
みんなが居るから幸せだ！　50+
このターンに自分のステージのエールがアーカイブされていたなら、このアーツ+30。
イラストレーター名：
藤巳
カードナンバー：
hBP07-088"
hBP07,hBP07-089,虎金妃笑虎,https://hololive-official-cardgame.com/cardlist/?id=2000&%2Fcardlist%2Fcardsearch_ex=&expansion=hBP07&view=image,https://hololive-official-cardgame.com/wp-content/images/cardlist/hBP07/hBP07-089_SR.png,2026年03月13日(金),ブースターパック「ディーヴァフィーバー」,イラストレーター名：蓮深ふみカードナンバー：hBP07-089,0,,"カードタイプ
ホロメン
タグ
#DEV_IS
#FLOW GLOW
レアリティ
SR
収録商品
ブースターパック「ディーヴァフィーバー」
色
HP
180
Bloomレベル
1st
バトンタッチ
キーワード
っしゃ反撃抜刀
直前の相手のターンに自分の#FLOW GLOWを持つホロメンがダウンしていたなら、自分のデッキを2枚引く。自分のブルームエフェクト「っしゃ反撃抜刀」はターンに1回しか使えない。
アーツ
スッゲーワクワクするしょ！！　50
イラストレーター名：
蓮深ふみ
カードナンバー：
hBP07-089"
hBP07,hBP07-090,虎金妃笑虎,https://hololive-official-cardgame.com/cardlist/?id=2001&%2Fcardlist%2Fcardsearch_ex=&expansion=hBP07&view=image,https://hololive-official-cardgame.com/wp-content/images/cardlist/hBP07/hBP07-090_SR.png,2026年03月13日(金),ブースターパック「ディーヴァフィーバー」,イラストレーター名：pbjカードナンバー：hBP07-090,0,,"カードタイプ
ホロメン
タグ
#DEV_IS
#FLOW GLOW
レアリティ
SR
収録商品
ブースターパック「ディーヴァフィーバー」
色
HP
210
Bloomレベル
2nd
バトンタッチ
キーワード
ここで終わっちゃう虎じゃないんだ！
自分のアーカイブのエール2枚を#FLOW GLOWを持つ自分のホロメン1人に送れる。
アーツ
ぶち上げる気合いだ！　80+
このホロメンのエール1枚につき、このアーツ+20。
イラストレーター名：
pbj
カードナンバー：
hBP07-090"
hBP07,hBP07-090,虎金妃笑虎,https://hololive-official-cardgame.com/cardlist/?id=2002&%2Fcardlist%2Fcardsearch_ex=&expansion=hBP07&view=image,https://hololive-official-cardgame.com/wp-content/images/cardlist/hBP07/hBP07-090_UR.png,2026年03月13日(金),ブースターパック「ディーヴァフィーバー」,イラストレーター名：pbjカードナンバー：hBP07-090,0,,"カードタイプ
ホロメン
タグ
#DEV_IS
#FLOW GLOW
レアリティ
UR
収録商品
ブースターパック「ディーヴァフィーバー」
色
HP
210
Bloomレベル
2nd
バトンタッチ
キーワード
ここで終わっちゃう虎じゃないんだ！
自分のアーカイブのエール2枚を#FLOW GLOWを持つ自分のホロメン1人に送れる。
アーツ
ぶち上げる気合いだ！　80+
このホロメンのエール1枚につき、このアーツ+20。
イラストレーター名：
pbj
カードナンバー：
hBP07-090"
hBP07,hBP07-091,ライブスタッフ,https://hololive-official-cardgame.com/cardlist/?id=2003&%2Fcardlist%2Fcardsearch_ex=&expansion=hBP07&view=image,https://hololive-official-cardgame.com/wp-content/images/cardlist/hBP07/hBP07-091_S.png,2026年03月13日(金),ブースターパック「ディーヴァフィーバー」,イラストレーター名：海原カイロカードナンバー：hBP07-091,0,,"カードタイプ
サポート・スタッフ
レアリティ
S
収録商品
ブースターパック「ディーヴァフィーバー」
能力テキスト
このカードは、自分のステージのエール1枚をアーカイブしなければ使えない。
自分のアーカイブのファン1枚を自分のホロメンに付ける。付けたなら、自分のアーカイブのホロメン1枚を手札に戻す。
イラストレーター名：
海原カイロ
カードナンバー：
hBP07-091"
hBP07,hBP07-092,アーカイブパソコン,https://hololive-official-cardgame.com/cardlist/?id=2004&%2Fcardlist%2Fcardsearch_ex=&expansion=hBP07&view=image,https://hololive-official-cardgame.com/wp-content/images/cardlist/hBP07/hBP07-092_S.png,2026年03月13日(金),ブースターパック「ディーヴァフィーバー」,イラストレーター名：こぶりな とまカードナンバー：hBP07-092,2,"Q: Q hBP07-092（アーカイブパソコン〉は、デッキが0枚でアーカイブにホロメンがある時は使うことはできますか？
A: A はい、できます。

Q: Q hBP07-092（アーカイブパソコン〉は、デッキにカードがあり、アーカイブにホロメンが無い時でも使うことはできますか？
A: A はい、できます。","カードタイプ
サポート・アイテム・LIMITED
レアリティ
S
収録商品
ブースターパック「ディーヴァフィーバー」
能力テキスト
自分のアーカイブのホロメン1～3枚をデッキに戻してシャッフルする。その後、自分のデッキを2枚引く。
LIMITED：ターンに1枚しか使えない。
イラストレーター名：
こぶりな とま
カードナンバー：
hBP07-092"
hBP07,hBP07-093,うまみー！,https://hololive-official-cardgame.com/cardlist/?id=2005&%2Fcardlist%2Fcardsearch_ex=&expansion=hBP07&view=image,https://hololive-official-cardgame.com/wp-content/images/cardlist/hBP07/hBP07-093_S.png,2026年03月13日(金),ブースターパック「ディーヴァフィーバー」,イラストレーター名：みゃーこカードナンバー：hBP07-093,0,,"カードタイプ
サポート・イベント
レアリティ
S
収録商品
ブースターパック「ディーヴァフィーバー」
能力テキスト
自分のコラボポジションの〈ベスティア・ゼータ〉を選ぶ。このターンの間、選んだホロメンのアーツ+40。その後、サイコロを1回振る。6以外なら、このカードをデッキに戻してシャッフルする。
自分の〈うまみー！〉はターンに1回しか使えない。
イラストレーター名：
みゃーこ
カードナンバー：
hBP07-093"
hBP07,hBP07-095,クロスインパクト,https://hololive-official-cardgame.com/cardlist/?id=2006&%2Fcardlist%2Fcardsearch_ex=&expansion=hBP07&view=image,https://hololive-official-cardgame.com/wp-content/images/cardlist/hBP07/hBP07-095_S.png,2026年03月13日(金),ブースターパック「ディーヴァフィーバー」,イラストレーター名：green322カードナンバー：hBP07-095,0,,"カードタイプ
サポート・イベント・LIMITED
レアリティ
S
収録商品
ブースターパック「ディーヴァフィーバー」
能力テキスト
このカードは、お互いのセンターホロメンが2ndホロメンでなければ使えない。
お互いにサイコロを1回振る。自分の出た目の数が相手以上なら、このターンの間、自分のセンターホロメンのアーツ+100。自分の出た目の数が相手より小さいなら、自分のエールデッキの上から1枚を自分のホロメンに送る。
LIMITED：ターンに1枚しか使えない。
イラストレーター名：
green322
カードナンバー：
hBP07-095"
hBP07,hBP07-096,ちゃま旅,https://hololive-official-cardgame.com/cardlist/?id=2007&%2Fcardlist%2Fcardsearch_ex=&expansion=hBP07&view=image,https://hololive-official-cardgame.com/wp-content/images/cardlist/hBP07/hBP07-096_S.png,2026年03月13日(金),ブースターパック「ディーヴァフィーバー」,イラストレーター名：ミュシャカードナンバー：hBP07-096,3,"Q: Q hBP07-096〈ちゃま旅〉の能力で、自分の〈赤井はあと〉がデッキに戻る場合、好きな順番でデッキの下に戻せますか？
A: A はい、戻せます。

Q: Q hBP07-096〈ちゃま旅〉の能力で、自分の〈赤井はあと〉がデッキに戻る場合、その〈赤井はあと〉に付いているカードもデッキに戻りますか？
A: A いいえ、戻りません。 付いているカードはすべてアーカイブされます。

Q: Q hBP07-004〈赤井はあと〉のステージ推しスキル「はあちゃまなう」の能力は、hBP07-096〈ちゃま旅〉の能力で自分の〈赤井はあと〉がデッキに戻った場合も発揮されますか？
A: A はい、されます。","カードタイプ
サポート・イベント
レアリティ
S
収録商品
ブースターパック「ディーヴァフィーバー」
能力テキスト
自分のバックポジションの〈赤井はあと〉1人を選ぶ。選んだホロメンを含め重なっているホロメンすべてを好きな順でデッキの下に戻す。このターンの間、自分の〈赤井はあと〉全員のアーツに必要な無色-1。
イラストレーター名：
ミュシャ
カードナンバー：
hBP07-096"
hBP07,hBP07-098,ビッグゴッドミオーンの占い,https://hololive-official-cardgame.com/cardlist/?id=2008&%2Fcardlist%2Fcardsearch_ex=&expansion=hBP07&view=image,https://hololive-official-cardgame.com/wp-content/images/cardlist/hBP07/hBP07-098_S.png,2026年03月13日(金),ブースターパック「ディーヴァフィーバー」,イラストレーター名：samo*chaカードナンバー：hBP07-098,0,,"カードタイプ
サポート・イベント・LIMITED
レアリティ
S
収録商品
ブースターパック「ディーヴァフィーバー」
能力テキスト
このカードは、自分の推しホロメンが〈大神ミオ〉でなければ使えない。
自分のデッキの上から3枚を公開する。このターンの間、この能力で公開したサポートカード1枚につき、自分のステージのホロメン全員のアーツ+20。そして公開したカードを好きな順でデッキの上に戻す。
LIMITED：ターンに1枚しか使えない。
イラストレーター名：
samo*cha
カードナンバー：
hBP07-098"
hBP07,hBP07-099,ブヒー！,https://hololive-official-cardgame.com/cardlist/?id=2009&%2Fcardlist%2Fcardsearch_ex=&expansion=hBP07&view=image,https://hololive-official-cardgame.com/wp-content/images/cardlist/hBP07/hBP07-099_S.png,2026年03月13日(金),ブースターパック「ディーヴァフィーバー」,イラストレーター名：さかなへんカードナンバー：hBP07-099,0,,"カードタイプ
サポート・イベント・LIMITED
レアリティ
S
収録商品
ブースターパック「ディーヴァフィーバー」
能力テキスト
自分のデッキを2枚引く。その後、直前の相手のターンに自分のホロメンがダウンしていたなら、自分のステージのホロメン1人を選ぶ。このターンの間、選んだホロメンのアーツ+20。さらに、直前の相手のターンにダウンしていた自分のホロメンが〈ラプラス・ダークネス〉なら、自分のデッキを2枚引く。
LIMITED：ターンに1枚しか使えない。
イラストレーター名：
さかなへん
カードナンバー：
hBP07-099"
hBP07,hBP07-101,ASMRマイク,https://hololive-official-cardgame.com/cardlist/?id=2010&%2Fcardlist%2Fcardsearch_ex=&expansion=hBP07&view=image,https://hololive-official-cardgame.com/wp-content/images/cardlist/hBP07/hBP07-101_S.png,2026年03月13日(金),ブースターパック「ディーヴァフィーバー」,イラストレーター名：ミュシャカードナンバー：hBP07-101,0,,"カードタイプ
サポート・ツール
タグ
#Buzzグッズ
レアリティ
S
収録商品
ブースターパック「ディーヴァフィーバー」
能力テキスト
◆Buzzホロメンに付いていたら能力追加
このホロメンのアーツに必要な無色-1。
ツールは、自分のホロメン1人につき1枚だけ付けられる。
イラストレーター名：
ミュシャ
カードナンバー：
hBP07-101"
hBP07,hBP07-102,角巻わためのハンマー,https://hololive-official-cardgame.com/cardlist/?id=2011&%2Fcardlist%2Fcardsearch_ex=&expansion=hBP07&view=image,https://hololive-official-cardgame.com/wp-content/images/cardlist/hBP07/hBP07-102_S.png,2026年03月13日(金),ブースターパック「ディーヴァフィーバー」,イラストレーター名：みゃーこカードナンバー：hBP07-102,0,,"カードタイプ
サポート・ツール
レアリティ
S
収録商品
ブースターパック「ディーヴァフィーバー」
能力テキスト
このツールが付いている〈角巻わため〉のアーツ+20。
◆2ndの〈角巻わため〉に付いていたら能力追加
■[センターポジション限定]このホロメンのアーツ+30。
■[センターポジション限定]このホロメンがアーツを使った時、サイコロを1回振る。3か5なら、このホロメン以外の自分のホロメン1人に特殊ダメージ50を与える。
ツールは、自分のホロメン1人につき1枚だけ付けられる。
イラストレーター名：
みゃーこ
カードナンバー：
hBP07-102"
hBP07,hBP07-103,ギラファノコギリクワガタ,https://hololive-official-cardgame.com/cardlist/?id=2012&%2Fcardlist%2Fcardsearch_ex=&expansion=hBP07&view=image,https://hololive-official-cardgame.com/wp-content/images/cardlist/hBP07/hBP07-103_S.png,2026年03月13日(金),ブースターパック「ディーヴァフィーバー」,イラストレーター名：あすカードナンバー：hBP07-103,1,"Q: Q hBP07-103〈ギラファノコギリクワガタ〉の「軽減されない」とは、どういう意味ですか？
A: A ダメージを減らす、またはダメージを受けない能力の影響を受けないという意味です。","カードタイプ
サポート・ツール
レアリティ
S
収録商品
ブースターパック「ディーヴァフィーバー」
能力テキスト
このツールが付いている〈桃鈴ねね〉のアーツ+20。
◆1st以上の〈桃鈴ねね〉に付いていたら能力追加
このホロメンのアーツダメージは軽減されない。
ツールは、自分のホロメン1人につき1枚だけ付けられる。
イラストレーター名：
あす
カードナンバー：
hBP07-103"
hBP07,hBP07-104,Thorn,https://hololive-official-cardgame.com/cardlist/?id=2013&%2Fcardlist%2Fcardsearch_ex=&expansion=hBP07&view=image,https://hololive-official-cardgame.com/wp-content/images/cardlist/hBP07/hBP07-104_S.png,2026年03月13日(金),ブースターパック「ディーヴァフィーバー」,イラストレーター名：GINカードナンバー：hBP07-104,0,,"カードタイプ
サポート・ツール
レアリティ
S
収録商品
ブースターパック「ディーヴァフィーバー」
能力テキスト
このツールが付いている〈エリザベス・ローズ・ブラッドフレイム〉のアーツ+20。
◆2ndの〈エリザベス・ローズ・ブラッドフレイム〉に付いていたら能力追加
このホロメンのHPが減っているなら、このホロメンのアーツ+20。
ツールは、自分のホロメン1人につき1枚だけ付けられる。
イラストレーター名：
GIN
カードナンバー：
hBP07-104"
hBP07,hBP07-105,BAZO,https://hololive-official-cardgame.com/cardlist/?id=2014&%2Fcardlist%2Fcardsearch_ex=&expansion=hBP07&view=image,https://hololive-official-cardgame.com/wp-content/images/cardlist/hBP07/hBP07-105_S.png,2026年03月13日(金),ブースターパック「ディーヴァフィーバー」,イラストレーター名：はたほまめカードナンバー：hBP07-105,1,"Q: Q hBP07-002〈ベスティア・ゼータ〉のSP推しスキル「不可能なんてないんだから！」の能力で、自分のアーカイブにあるhBP07-105〈BAZO〉3枚を選びました。 この場合、〈ベスティア・ゼータ〉1人にすべて付けることはできますか？
A: A いいえ、できません。","カードタイプ
サポート・マスコット
レアリティ
S
収録商品
ブースターパック「ディーヴァフィーバー」
能力テキスト
このマスコットが付いているホロメンのアーツ+10。
◆〈ベスティア・ゼータ〉に付いていたら能力追加
このホロメンがアーツを使った時、自分のアーカイブのファン1枚を手札に戻す。
マスコットは、自分のホロメン1人につき1枚だけ付けられる。
イラストレーター名：
はたほまめ
カードナンバー：
hBP07-105"
hBP07,hBP07-106,ハトタウロス,https://hololive-official-cardgame.com/cardlist/?id=2015&%2Fcardlist%2Fcardsearch_ex=&expansion=hBP07&view=image,https://hololive-official-cardgame.com/wp-content/images/cardlist/hBP07/hBP07-106_S.png,2026年03月13日(金),ブースターパック「ディーヴァフィーバー」,イラストレーター名：津田次郎カードナンバー：hBP07-106,2,"Q: Q 残りHP10の、hBP07-106〈ハトタウロス〉が付いている〈大神ミオ〉がコラボした時、hBP07-106〈ハトタウロス〉の能力でhBP07-106〈ハトタウロス〉をデッキの上に戻すことはできますか？
A: A はい、できます。 その場合、残りHPが0になるため、アーカイブからホロメンを1枚手札に戻した後にダウン処理を行います。

Q: Q hBP07-106〈ハトタウロス〉が付いているhBP07-028〈大神ミオ〉がコラボした時、hBP07-106〈ハトタウロス〉の能力とコラボエフェクト「金瞳の綺羅星」の能力はどちらから処理されますか?
A: A どちらも「コラボした時」に使える能力であるため、好きな順番で処理ができます。","カードタイプ
サポート・マスコット
タグ
#白上'sキャラクター
レアリティ
S
収録商品
ブースターパック「ディーヴァフィーバー」
能力テキスト
このマスコットが付いているホロメンのHP+20。
◆〈大神ミオ〉に付いていたら能力追加
このホロメンがコラボした時、このホロメンに付いている〈ハトタウロス〉1枚をデッキの上に戻せる：自分のアーカイブのホロメン1枚を手札に戻す。
マスコットは、自分のホロメン1人につき1枚だけ付けられる。
イラストレーター名：
津田次郎
カードナンバー：
hBP07-106"
hBP07,hBP07-107,Boros,https://hololive-official-cardgame.com/cardlist/?id=2016&%2Fcardlist%2Fcardsearch_ex=&expansion=hBP07&view=image,https://hololive-official-cardgame.com/wp-content/images/cardlist/hBP07/hBP07-107_S.png,2026年03月13日(金),ブースターパック「ディーヴァフィーバー」,イラストレーター名：しまりすゆきちカードナンバー：hBP07-107,0,,"カードタイプ
サポート・マスコット
レアリティ
S
収録商品
ブースターパック「ディーヴァフィーバー」
能力テキスト
このマスコットが付いているホロメンのHP+20。
◆〈オーロ・クロニー〉に付いていたら能力追加
このゲーム中に、自分の〈オーロ・クロニー〉のSP推しスキル「時間の典獄」を使っていたなら、このホロメンのアーツ+20。
マスコットは、自分のホロメン1人につき1枚だけ付けられる。
イラストレーター名：
しまりすゆきち
カードナンバー：
hBP07-107"
hBP07,hBP07-108,Zecretary,https://hololive-official-cardgame.com/cardlist/?id=2017&%2Fcardlist%2Fcardsearch_ex=&expansion=hBP07&view=image,https://hololive-official-cardgame.com/wp-content/images/cardlist/hBP07/hBP07-108_S.png,2026年03月13日(金),ブースターパック「ディーヴァフィーバー」,イラストレーター名：888BUNカードナンバー：hBP07-108,1,"Q: Q hBP07-002〈ベスティア・ゼータ〉のSP推しスキル「不可能なんてないんだから！」の能力で、自分のアーカイブにあるhBP07-108〈Zecretary〉をhBP04-039〈カエラ・コヴァルスキア〉に付けることはできますか？
A: A いいえ、できません。","カードタイプ
サポート・ファン
レアリティ
S
収録商品
ブースターパック「ディーヴァフィーバー」
能力テキスト
■このファンが付いているホロメンがアーツを使う時、自分の推しホロメンが〈ベスティア・ゼータ〉なら、このファンを白エールとしても扱う。
■相手のターンで、このファンが付いているホロメンがダメージを受けた時、このファンをアーカイブする。
このファンは、自分の〈ベスティア・ゼータ〉だけに付けられ、1人につき何枚でも付けられる。
イラストレーター名：
888BUN
カードナンバー：
hBP07-108"
hBP07,hBP07-109,Kronies,https://hololive-official-cardgame.com/cardlist/?id=2018&%2Fcardlist%2Fcardsearch_ex=&expansion=hBP07&view=image,https://hololive-official-cardgame.com/wp-content/images/cardlist/hBP07/hBP07-109_S.png,2026年03月13日(金),ブースターパック「ディーヴァフィーバー」,イラストレーター名：はたほまめカードナンバー：hBP07-109,0,,"カードタイプ
サポート・ファン
レアリティ
S
収録商品
ブースターパック「ディーヴァフィーバー」
能力テキスト
このファンが付いているホロメンのアーツ+10。
このファンは、自分の〈オーロ・クロニー〉だけに付けられ、1人につき何枚でも付けられる。
イラストレーター名：
はたほまめ
カードナンバー：
hBP07-109"
hBP07,hBP07-110,ねっ子,https://hololive-official-cardgame.com/cardlist/?id=2019&%2Fcardlist%2Fcardsearch_ex=&expansion=hBP07&view=image,https://hololive-official-cardgame.com/wp-content/images/cardlist/hBP07/hBP07-110_S.png,2026年03月13日(金),ブースターパック「ディーヴァフィーバー」,イラストレーター名：あすカードナンバー：hBP07-110,0,,"カードタイプ
サポート・ファン
レアリティ
S
収録商品
ブースターパック「ディーヴァフィーバー」
能力テキスト
[ターンに1回]このファンが付いているホロメンのBloomレベルが上がった時、自分のデッキを1枚引く。
このファンは、自分の〈桃鈴ねね〉だけに付けられ、1人につき何枚でも付けられる。
イラストレーター名：
あす
カードナンバー：
hBP07-110"
hBP07,hY01-012,白エール,https://hololive-official-cardgame.com/cardlist/?id=2026&%2Fcardlist%2Fcardsearch_ex=&expansion=hBP07&view=image,https://hololive-official-cardgame.com/wp-content/images/cardlist/hBP07/hY01-012_SY.png,2026年03月13日(金),ブースターパック「ディーヴァフィーバー」,イラストレーター名：ごとーカードナンバー：hY01-012,0,,"カードタイプ
エール
レアリティ
SY
収録商品
ブースターパック「ディーヴァフィーバー」
能力テキスト
■ホロメンがステージから離れる時、そのホロメンのエールすべてをアーカイブする。
■ホロメンがバトンタッチする時、そのホロメンのエールを指定された枚数アーカイブする。
色
イラストレーター名：
ごとー
カードナンバー：
hY01-012"
hBP07,hY02-010,緑エール,https://hololive-official-cardgame.com/cardlist/?id=2027&%2Fcardlist%2Fcardsearch_ex=&expansion=hBP07&view=image,https://hololive-official-cardgame.com/wp-content/images/cardlist/hBP07/hY02-010_SY.png,2026年03月13日(金),ブースターパック「ディーヴァフィーバー」,イラストレーター名：ごとーカードナンバー：hY02-010,0,,"カードタイプ
エール
レアリティ
SY
収録商品
ブースターパック「ディーヴァフィーバー」
能力テキスト
■ホロメンがステージから離れる時、そのホロメンのエールすべてをアーカイブする。
■ホロメンがバトンタッチする時、そのホロメンのエールを指定された枚数アーカイブする。
色
イラストレーター名：
ごとー
カードナンバー：
hY02-010"
hBP07,hY03-014,赤エール,https://hololive-official-cardgame.com/cardlist/?id=2028&%2Fcardlist%2Fcardsearch_ex=&expansion=hBP07&view=image,https://hololive-official-cardgame.com/wp-content/images/cardlist/hBP07/hY03-014_SY.png,2026年03月13日(金),ブースターパック「ディーヴァフィーバー」,イラストレーター名：ごとーカードナンバー：hY03-014,0,,"カードタイプ
エール
レアリティ
SY
収録商品
ブースターパック「ディーヴァフィーバー」
能力テキスト
■ホロメンがステージから離れる時、そのホロメンのエールすべてをアーカイブする。
■ホロメンがバトンタッチする時、そのホロメンのエールを指定された枚数アーカイブする。
色
イラストレーター名：
ごとー
カードナンバー：
hY03-014"
hBP07,hY04-011,青エール,https://hololive-official-cardgame.com/cardlist/?id=2029&%2Fcardlist%2Fcardsearch_ex=&expansion=hBP07&view=image,https://hololive-official-cardgame.com/wp-content/images/cardlist/hBP07/hY04-011_SY.png,2026年03月13日(金),ブースターパック「ディーヴァフィーバー」,イラストレーター名：ごとーカードナンバー：hY04-011,0,,"カードタイプ
エール
レアリティ
SY
収録商品
ブースターパック「ディーヴァフィーバー」
能力テキスト
■ホロメンがステージから離れる時、そのホロメンのエールすべてをアーカイブする。
■ホロメンがバトンタッチする時、そのホロメンのエールを指定された枚数アーカイブする。
色
イラストレーター名：
ごとー
カードナンバー：
hY04-011"
hBP07,hY05-009,紫エール,https://hololive-official-cardgame.com/cardlist/?id=2030&%2Fcardlist%2Fcardsearch_ex=&expansion=hBP07&view=image,https://hololive-official-cardgame.com/wp-content/images/cardlist/hBP07/hY05-009_SY.png,2026年03月13日(金),ブースターパック「ディーヴァフィーバー」,イラストレーター名：ごとーカードナンバー：hY05-009,0,,"カードタイプ
エール
レアリティ
SY
収録商品
ブースターパック「ディーヴァフィーバー」
能力テキスト
■ホロメンがステージから離れる時、そのホロメンのエールすべてをアーカイブする。
■ホロメンがバトンタッチする時、そのホロメンのエールを指定された枚数アーカイブする。
色
イラストレーター名：
ごとー
カードナンバー：
hY05-009"
hBP07,hY06-009,黄エール,https://hololive-official-cardgame.com/cardlist/?id=2031&%2Fcardlist%2Fcardsearch_ex=&expansion=hBP07&view=image,https://hololive-official-cardgame.com/wp-content/images/cardlist/hBP07/hY06-009_SY.png,2026年03月13日(金),ブースターパック「ディーヴァフィーバー」,イラストレーター名：ごとーカードナンバー：hY06-009,0,,"カードタイプ
エール
レアリティ
SY
収録商品
ブースターパック「ディーヴァフィーバー」
能力テキスト
■ホロメンがステージから離れる時、そのホロメンのエールすべてをアーカイブする。
■ホロメンがバトンタッチする時、そのホロメンのエールを指定された枚数アーカイブする。
色
イラストレーター名：
ごとー
カードナンバー：
hY06-009"
